Concentration	GRvalue	RelativeViability	std_GRvalue	std_RelativeViability	drug_moa	DrugName	Duration	E2	Gnumber	CellLineName	clid	ReferenceDivisionTime	Tissue
0.001	0.9735	0.963933333333333	0.0231525376578897	0.0312616911464069	moa_A	drug_002	72	0.1	G00002	cellline_BA	CL00011	26	tissue_x
0.00316227766016838	0.8762	0.838233333333333	0.0327701083306113	0.0408039622259081	moa_A	drug_002	72	0.1	G00002	cellline_BA	CL00011	26	tissue_x
0.01	0.74	0.680433333333333	0.0334426374557989	0.0360225392404996	moa_A	drug_002	72	0.1	G00002	cellline_BA	CL00011	26	tissue_x
0.0316227766016838	0.710833333333333	0.6492	0.0293101233933488	0.0307488211156135	moa_A	drug_002	72	0.1	G00002	cellline_BA	CL00011	26	tissue_x
0.1	0.718433333333333	0.657233333333333	0.0298077730354573	0.0313160235875076	moa_A	drug_002	72	0.1	G00002	cellline_BA	CL00011	26	tissue_x
0.316227766016838	0.703466666666667	0.641633333333333	0.0351704895236522	0.0362709709455555	moa_A	drug_002	72	0.1	G00002	cellline_BA	CL00011	26	tissue_x
1	0.697	0.634733333333333	0.0265689668598537	0.0275924506583473	moa_A	drug_002	72	0.1	G00002	cellline_BA	CL00011	26	tissue_x
3.16227766016838	0.7062	0.644533333333333	0.0362525861146484	0.0383043513629109	moa_A	drug_002	72	0.1	G00002	cellline_BA	CL00011	26	tissue_x
10	0.708033333333333	0.6461	0.0187350829550694	0.0194917931448084	moa_A	drug_002	72	0.1	G00002	cellline_BA	CL00011	26	tissue_x
0.001	0.9877	0.985366666666667	0.0166009035898653	0.019722153364512	moa_A	drug_002	72	0.1	G00002	cellline_CA	CL00012	30	tissue_x
0.00316227766016838	0.993066666666667	0.992066666666667	0.035508637446871	0.0421630564989463	moa_A	drug_002	72	0.1	G00002	cellline_CA	CL00012	30	tissue_x
0.01	0.966266666666667	0.960066666666667	0.0160032288408725	0.0187905117900853	moa_A	drug_002	72	0.1	G00002	cellline_CA	CL00012	30	tissue_x
0.0316227766016838	0.833533333333333	0.811833333333333	0.0173523293345111	0.0185046840916924	moa_A	drug_002	72	0.1	G00002	cellline_CA	CL00012	30	tissue_x
0.1	0.821033333333333	0.798733333333333	0.0277734285484046	0.0294194380186525	moa_A	drug_002	72	0.1	G00002	cellline_CA	CL00012	30	tissue_x
0.316227766016838	0.816933333333333	0.794566666666667	0.0344505926412498	0.0364155644379341	moa_A	drug_002	72	0.1	G00002	cellline_CA	CL00012	30	tissue_x
1	0.8456	0.824733333333333	0.0198464102547539	0.0211878109613365	moa_A	drug_002	72	0.1	G00002	cellline_CA	CL00012	30	tissue_x
3.16227766016838	0.8522	0.8322	0.0428163520164902	0.0457223140271793	moa_A	drug_002	72	0.1	G00002	cellline_CA	CL00012	30	tissue_x
10	0.8401	0.818833333333333	0.0167035924279779	0.017852824239692	moa_A	drug_002	72	0.1	G00002	cellline_CA	CL00012	30	tissue_x
0.001	0.973766666666667	0.972433333333333	0.00575354962899719	0.00600444279957206	moa_A	drug_002	72	0.1	G00002	cellline_DA	CL00013	34	tissue_x
0.00316227766016838	1.01306666666667	1.01396666666667	0.02147424814361	0.0229661344882707	moa_A	drug_002	72	0.1	G00002	cellline_DA	CL00013	34	tissue_x
0.01	0.994866666666667	0.994633333333333	0.0167380803359684	0.0177246532641215	moa_A	drug_002	72	0.1	G00002	cellline_DA	CL00013	34	tissue_x
0.0316227766016838	0.938033333333333	0.935566666666667	0.0138001207724184	0.0141210245142955	moa_A	drug_002	72	0.1	G00002	cellline_DA	CL00013	34	tissue_x
0.1	0.837766666666667	0.836233333333333	0.0367120325415705	0.0352678796262737	moa_A	drug_002	72	0.1	G00002	cellline_DA	CL00013	34	tissue_x
0.316227766016838	0.817633333333333	0.816733333333333	0.0150067762471936	0.0142878736463245	moa_A	drug_002	72	0.1	G00002	cellline_DA	CL00013	34	tissue_x
1	0.853466666666667	0.851333333333333	0.0259658108545321	0.0252076046726644	moa_A	drug_002	72	0.1	G00002	cellline_DA	CL00013	34	tissue_x
3.16227766016838	0.841166666666667	0.839366666666667	0.0232142915750908	0.0223495712113976	moa_A	drug_002	72	0.1	G00002	cellline_DA	CL00013	34	tissue_x
10	0.800433333333333	0.800533333333333	0.0234598238129218	0.0220432151314942	moa_A	drug_002	72	0.1	G00002	cellline_DA	CL00013	34	tissue_x
0.001	0.984533333333333	0.985566666666667	0.03460207122895	0.0326622616077536	moa_A	drug_002	72	0.1	G00002	cellline_EA	CL00014	38	tissue_x
0.00316227766016838	1.0153	1.0148	0.0427069081063005	0.0408808023404629	moa_A	drug_002	72	0.1	G00002	cellline_EA	CL00014	38	tissue_x
0.01	1.00486666666667	1.00466666666667	0.0157532007329727	0.0149533719720113	moa_A	drug_002	72	0.1	G00002	cellline_EA	CL00014	38	tissue_x
0.0316227766016838	0.992166666666667	0.992866666666667	0.0432775153322522	0.0408022466701692	moa_A	drug_002	72	0.1	G00002	cellline_EA	CL00014	38	tissue_x
0.1	0.948233333333333	0.951566666666667	0.014684799397109	0.0135795188918214	moa_A	drug_002	72	0.1	G00002	cellline_EA	CL00014	38	tissue_x
0.316227766016838	0.992066666666667	0.9926	0.0265021382785114	0.0249327094396096	moa_A	drug_002	72	0.1	G00002	cellline_EA	CL00014	38	tissue_x
1	0.950133333333333	0.953333333333333	0.0191398362932741	0.0177291661770466	moa_A	drug_002	72	0.1	G00002	cellline_EA	CL00014	38	tissue_x
3.16227766016838	0.962566666666667	0.964966666666667	0.0323705627589842	0.0300668144859633	moa_A	drug_002	72	0.1	G00002	cellline_EA	CL00014	38	tissue_x
10	0.950066666666667	0.9533	0.0228613939499177	0.0212671107581637	moa_A	drug_002	72	0.1	G00002	cellline_EA	CL00014	38	tissue_x
0.001	0.957866666666667	0.9643	0.0366753777531102	0.0311019292006139	moa_A	drug_002	72	0.1	G00002	cellline_FA	CL00015	42	tissue_x
0.00316227766016838	0.7714	0.812233333333333	0.0312480399385306	0.0245329030759373	moa_A	drug_002	72	0.1	G00002	cellline_FA	CL00015	42	tissue_x
0.01	0.429033333333333	0.5621	0.0314944968737927	0.0211482859825566	moa_A	drug_002	72	0.1	G00002	cellline_FA	CL00015	42	tissue_x
0.0316227766016838	0.335666666666667	0.500833333333333	0.0516596877006949	0.0334165128841016	moa_A	drug_002	72	0.1	G00002	cellline_FA	CL00015	42	tissue_x
0.1	0.357733333333333	0.514933333333333	0.0346354346491181	0.0225486880623537	moa_A	drug_002	72	0.1	G00002	cellline_FA	CL00015	42	tissue_x
0.316227766016838	0.363933333333333	0.519033333333333	0.0431428248186571	0.0279636073018724	moa_A	drug_002	72	0.1	G00002	cellline_FA	CL00015	42	tissue_x
1	0.325366666666667	0.494166666666667	0.0466022889280488	0.0299882199093799	moa_A	drug_002	72	0.1	G00002	cellline_FA	CL00015	42	tissue_x
3.16227766016838	0.334466666666667	0.499966666666667	0.0409588004381639	0.0262793328175076	moa_A	drug_002	72	0.1	G00002	cellline_FA	CL00015	42	tissue_x
10	0.319133333333333	0.490466666666667	0.0668709453599494	0.0428388063948254	moa_A	drug_002	72	0.1	G00002	cellline_FA	CL00015	42	tissue_x
0.001	0.939433333333333	0.953133333333333	0.0383682594514441	0.0295975224188332	moa_A	drug_002	72	0.1	G00002	cellline_GB	CL00016	46	tissue_y
0.00316227766016838	0.5287	0.6568	0.0463662592840958	0.031235236512631	moa_A	drug_002	72	0.1	G00002	cellline_GB	CL00016	46	tissue_y
0.01	-0.444733333333333	0.136466666666667	0.122615754833273	0.048074352136387	moa_A	drug_002	72	0.1	G00002	cellline_GB	CL00016	46	tissue_y
0.0316227766016838	-0.7858	0.0317666666666667	0.086226909952752	0.0188014183862105	moa_A	drug_002	72	0.1	G00002	cellline_GB	CL00016	46	tissue_y
0.1	-0.736	0.0435	0.0913934352128204	0.0233552991845534	moa_A	drug_002	72	0.1	G00002	cellline_GB	CL00016	46	tissue_y
0.316227766016838	-0.739533333333333	0.0452333333333333	0.147441864249382	0.0340229824285487	moa_A	drug_002	72	0.1	G00002	cellline_GB	CL00016	46	tissue_y
1	-0.832533333333333	0.0229	0.102905409640763	0.0205241321375594	moa_A	drug_002	72	0.1	G00002	cellline_GB	CL00016	46	tissue_y
3.16227766016838	-0.725766666666667	0.0459	0.0848970160449313	0.020819221887477	moa_A	drug_002	72	0.1	G00002	cellline_GB	CL00016	46	tissue_y
10	-0.7251	0.0478666666666667	0.12959401992376	0.0301539936547936	moa_A	drug_002	72	0.1	G00002	cellline_GB	CL00016	46	tissue_y
0.001	1.0067	1.00496666666667	0.0493883589522876	0.0356637537751332	moa_A	drug_002	72	0.1	G00002	cellline_HB	CL00017	50	tissue_y
0.00316227766016838	0.974133333333333	0.981533333333333	0.0449967035829664	0.0321786160879136	moa_A	drug_002	72	0.1	G00002	cellline_HB	CL00017	50	tissue_y
0.01	0.888533333333333	0.920766666666667	0.0201306565549496	0.0141387175278853	moa_A	drug_002	72	0.1	G00002	cellline_HB	CL00017	50	tissue_y
0.0316227766016838	0.314466666666667	0.546433333333333	0.0195597375578849	0.0116791837614336	moa_A	drug_002	72	0.1	G00002	cellline_HB	CL00017	50	tissue_y
0.1	-0.139666666666667	0.2974	0.0857621322807061	0.0424293530471536	moa_A	drug_002	72	0.1	G00002	cellline_HB	CL00017	50	tissue_y
0.316227766016838	-0.191666666666667	0.2716	0.0582472603075315	0.0279869612498392	moa_A	drug_002	72	0.1	G00002	cellline_HB	CL00017	50	tissue_y
1	-0.1736	0.2803	0.0513786920814456	0.024871871662583	moa_A	drug_002	72	0.1	G00002	cellline_HB	CL00017	50	tissue_y
3.16227766016838	-0.2343	0.251066666666667	0.0385475031616835	0.0180754898504393	moa_A	drug_002	72	0.1	G00002	cellline_HB	CL00017	50	tissue_y
10	-0.131966666666667	0.300733333333333	0.0381148702389676	0.0189769158013976	moa_A	drug_002	72	0.1	G00002	cellline_HB	CL00017	50	tissue_y
0.001	0.963933333333333	0.951233333333333	0.0322152655325597	0.0431166247905994	moa_A	drug_002	72	0	G00002	cellline_BA	CL00011	26	tissue_x
0.00316227766016838	0.817866666666667	0.768666666666667	0.0507080204044028	0.0600510060975945	moa_A	drug_002	72	0	G00002	cellline_BA	CL00011	26	tissue_x
0.01	0.5819	0.5238	0.0653002297086312	0.0592463500985504	moa_A	drug_002	72	0	G00002	cellline_BA	CL00011	26	tissue_x
0.0316227766016838	0.525633333333333	0.4735	0.0554878665415542	0.0475078940808788	moa_A	drug_002	72	0	G00002	cellline_BA	CL00011	26	tissue_x
0.1	0.5412	0.487033333333333	0.0565257463462448	0.0485568052216508	moa_A	drug_002	72	0	G00002	cellline_BA	CL00011	26	tissue_x
0.316227766016838	0.510933333333333	0.461766666666667	0.0737876909337414	0.0607348609394418	moa_A	drug_002	72	0	G00002	cellline_BA	CL00011	26	tissue_x
1	0.4985	0.450533333333333	0.0537226209338301	0.0446997017141427	moa_A	drug_002	72	0	G00002	cellline_BA	CL00011	26	tissue_x
3.16227766016838	0.516666666666667	0.4664	0.0687463696011166	0.0595576191599362	moa_A	drug_002	72	0	G00002	cellline_BA	CL00011	26	tissue_x
10	0.520666666666667	0.468733333333333	0.0379347246376368	0.031927156674739	moa_A	drug_002	72	0	G00002	cellline_BA	CL00011	26	tissue_x
0.001	0.9842	0.981266666666667	0.0222542130842678	0.0263390078274284	moa_A	drug_002	72	0	G00002	cellline_CA	CL00012	30	tissue_x
0.00316227766016838	0.9902	0.9889	0.0474171909754256	0.056133679729731	moa_A	drug_002	72	0	G00002	cellline_CA	CL00012	30	tissue_x
0.01	0.9549	0.946866666666667	0.0220218073736013	0.0256410478205032	moa_A	drug_002	72	0	G00002	cellline_CA	CL00012	30	tissue_x
0.0316227766016838	0.754066666666667	0.730033333333333	0.0268075238195051	0.0268924400777121	moa_A	drug_002	72	0	G00002	cellline_CA	CL00012	30	tissue_x
0.1	0.7331	0.709666666666667	0.0456901521118064	0.0453706219191817	moa_A	drug_002	72	0	G00002	cellline_CA	CL00012	30	tissue_x
0.316227766016838	0.726233333333333	0.7032	0.0553792680823189	0.0547887762228725	moa_A	drug_002	72	0	G00002	cellline_CA	CL00012	30	tissue_x
1	0.773433333333333	0.7496	0.0326086389371487	0.0328469176636104	moa_A	drug_002	72	0	G00002	cellline_CA	CL00012	30	tissue_x
3.16227766016838	0.782966666666667	0.7603	0.0682513980320794	0.0687578359170793	moa_A	drug_002	72	0	G00002	cellline_CA	CL00012	30	tissue_x
10	0.7645	0.7405	0.0258571073401493	0.0260535985998096	moa_A	drug_002	72	0	G00002	cellline_CA	CL00012	30	tissue_x
0.001	0.965166666666667	0.963466666666667	0.00790084383678944	0.00820081296783027	moa_A	drug_002	72	0	G00002	cellline_DA	CL00013	34	tissue_x
0.00316227766016838	1.0159	1.01703333333333	0.0256298653917652	0.0274636729760121	moa_A	drug_002	72	0	G00002	cellline_DA	CL00013	34	tissue_x
0.01	0.993433333333333	0.993166666666667	0.0213357290321502	0.0226089215429071	moa_A	drug_002	72	0	G00002	cellline_DA	CL00013	34	tissue_x
0.0316227766016838	0.915633333333333	0.912866666666667	0.0196739252141847	0.0199003350055554	moa_A	drug_002	72	0	G00002	cellline_DA	CL00013	34	tissue_x
0.1	0.764266666666667	0.767466666666667	0.0600018610822476	0.0549414536878424	moa_A	drug_002	72	0	G00002	cellline_DA	CL00013	34	tissue_x
0.316227766016838	0.732566666666667	0.738	0.0240950894028914	0.0217165835250391	moa_A	drug_002	72	0	G00002	cellline_DA	CL00013	34	tissue_x
1	0.789	0.79	0.0394787284496348	0.0368387024744358	moa_A	drug_002	72	0	G00002	cellline_DA	CL00013	34	tissue_x
3.16227766016838	0.769666666666667	0.772	0.035576162431231	0.0326602204524097	moa_A	drug_002	72	0	G00002	cellline_DA	CL00013	34	tissue_x
10	0.7054	0.713866666666667	0.0373080420284956	0.0328694893987317	moa_A	drug_002	72	0	G00002	cellline_DA	CL00013	34	tissue_x
0.001	0.978566666666667	0.9801	0.0461329961452031	0.0434949422347013	moa_A	drug_002	72	0	G00002	cellline_EA	CL00014	38	tissue_x
0.00316227766016838	1.01793333333333	1.01746666666667	0.0526570349842575	0.0504961714720368	moa_A	drug_002	72	0	G00002	cellline_EA	CL00014	38	tissue_x
0.01	1.0066	1.0063	0.0204545838383479	0.0194030925370159	moa_A	drug_002	72	0	G00002	cellline_EA	CL00014	38	tissue_x
0.0316227766016838	0.9881	0.989233333333333	0.0581987113259392	0.05469463715332	moa_A	drug_002	72	0	G00002	cellline_EA	CL00014	38	tissue_x
0.1	0.9292	0.934066666666667	0.020646549348499	0.0188908266979858	moa_A	drug_002	72	0	G00002	cellline_EA	CL00014	38	tissue_x
0.316227766016838	0.989466666666667	0.9902	0.0359917120089241	0.0338207037182847	moa_A	drug_002	72	0	G00002	cellline_EA	CL00014	38	tissue_x
1	0.931633333333333	0.9363	0.0266573316994281	0.024422735309543	moa_A	drug_002	72	0	G00002	cellline_EA	CL00014	38	tissue_x
3.16227766016838	0.948666666666667	0.952233333333333	0.045406644154059	0.0418373437652695	moa_A	drug_002	72	0	G00002	cellline_EA	CL00014	38	tissue_x
10	0.931533333333333	0.936266666666667	0.0318525247560273	0.0293867884147508	moa_A	drug_002	72	0	G00002	cellline_EA	CL00014	38	tissue_x
0.001	0.943	0.9519	0.0504035713020416	0.0425225822357955	moa_A	drug_002	72	0	G00002	cellline_FA	CL00015	42	tissue_x
0.00316227766016838	0.664466666666667	0.730166666666667	0.0474647588567911	0.0357168494317924	moa_A	drug_002	72	0	G00002	cellline_FA	CL00015	42	tissue_x
0.01	0.0514	0.3327	0.0697681159269763	0.0375708663727628	moa_A	drug_002	72	0	G00002	cellline_FA	CL00015	42	tissue_x
0.0316227766016838	-0.151266666666667	0.231866666666667	0.117631302523322	0.0554712838623132	moa_A	drug_002	72	0	G00002	cellline_FA	CL00015	42	tissue_x
0.1	-0.100133333333333	0.254966666666667	0.0698061840622543	0.0341561609864653	moa_A	drug_002	72	0	G00002	cellline_FA	CL00015	42	tissue_x
0.316227766016838	-0.0849666666666667	0.2626	0.0830194153998529	0.039937576291007	moa_A	drug_002	72	0	G00002	cellline_FA	CL00015	42	tissue_x
1	-0.174033333333333	0.2211	0.107351401170797	0.0497605265245456	moa_A	drug_002	72	0	G00002	cellline_FA	CL00015	42	tissue_x
3.16227766016838	-0.153066666666667	0.230133333333333	0.0836765996759747	0.0389274110792553	moa_A	drug_002	72	0	G00002	cellline_FA	CL00015	42	tissue_x
10	-0.193333333333333	0.214233333333333	0.159565702246233	0.07213406499937	moa_A	drug_002	72	0	G00002	cellline_FA	CL00015	42	tissue_x
0.001	0.9192	0.9377	0.05362956274295	0.0411080284129512	moa_A	drug_002	72	0	G00002	cellline_GB	CL00016	46	tissue_y
0.00316227766016838	0.2664	0.489766666666667	0.0890672218046571	0.0540731294945403	moa_A	drug_002	72	0	G00002	cellline_GB	CL00016	46	tissue_y
0.01	-0.8943	0.0100333333333333	0.00101488915650922	0.000152752523165195	moa_A	drug_002	72	0	G00002	cellline_GB	CL00016	46	tissue_y
0.0316227766016838	-0.8943	0.0100333333333333	0.00101488915650922	0.000152752523165195	moa_A	drug_002	72	0	G00002	cellline_GB	CL00016	46	tissue_y
0.1	-0.8943	0.0100333333333333	0.00101488915650922	0.000152752523165195	moa_A	drug_002	72	0	G00002	cellline_GB	CL00016	46	tissue_y
0.316227766016838	-0.8943	0.0100333333333333	0.00101488915650922	0.000152752523165195	moa_A	drug_002	72	0	G00002	cellline_GB	CL00016	46	tissue_y
1	-0.8943	0.0100333333333333	0.00101488915650922	0.000152752523165195	moa_A	drug_002	72	0	G00002	cellline_GB	CL00016	46	tissue_y
3.16227766016838	-0.8943	0.0100333333333333	0.00101488915650922	0.000152752523165195	moa_A	drug_002	72	0	G00002	cellline_GB	CL00016	46	tissue_y
10	-0.8943	0.0100333333333333	0.00101488915650922	0.000152752523165195	moa_A	drug_002	72	0	G00002	cellline_GB	CL00016	46	tissue_y
0.001	1.00823333333333	1.00613333333333	0.0631365451488545	0.0455745908740093	moa_A	drug_002	72	0	G00002	cellline_HB	CL00017	50	tissue_y
0.00316227766016838	0.965333333333333	0.975333333333333	0.0602581391459555	0.0430167796718133	moa_A	drug_002	72	0	G00002	cellline_HB	CL00017	50	tissue_y
0.01	0.845066666666667	0.890433333333333	0.0304322745343383	0.021114528963094	moa_A	drug_002	72	0	G00002	cellline_HB	CL00017	50	tissue_y
0.0316227766016838	-0.1233	0.3051	0.0421895721713316	0.0210145187905885	moa_A	drug_002	72	0	G00002	cellline_HB	CL00017	50	tissue_y
0.1	-0.917533333333333	0.0101333333333333	0.000288675134594781	0.0000577350269189632	moa_A	drug_002	72	0	G00002	cellline_HB	CL00017	50	tissue_y
0.316227766016838	-0.917533333333333	0.0101333333333333	0.000288675134594781	0.0000577350269189632	moa_A	drug_002	72	0	G00002	cellline_HB	CL00017	50	tissue_y
1	-0.917533333333333	0.0101333333333333	0.000288675134594781	0.0000577350269189632	moa_A	drug_002	72	0	G00002	cellline_HB	CL00017	50	tissue_y
3.16227766016838	-0.917533333333333	0.0101333333333333	0.000288675134594781	0.0000577350269189632	moa_A	drug_002	72	0	G00002	cellline_HB	CL00017	50	tissue_y
10	-0.917533333333333	0.0101333333333333	0.000288675134594781	0.0000577350269189632	moa_A	drug_002	72	0	G00002	cellline_HB	CL00017	50	tissue_y
0.001	0.999466666666667	0.999433333333333	0.0203185465359443	0.028194739462058	moa_A	drug_003	72	0.1	G00003	cellline_BA	CL00011	26	tissue_x
0.00316227766016838	0.9737	0.9643	0.0285033331384242	0.0386135986408933	moa_A	drug_003	72	0.1	G00003	cellline_BA	CL00011	26	tissue_x
0.01	0.861333333333333	0.819966666666667	0.0320899257296325	0.0388547723366556	moa_A	drug_003	72	0.1	G00003	cellline_BA	CL00011	26	tissue_x
0.0316227766016838	0.835066666666667	0.787966666666667	0.00731869751617959	0.00873632264361457	moa_A	drug_003	72	0.1	G00003	cellline_BA	CL00011	26	tissue_x
0.1	0.809333333333333	0.758266666666667	0.038066301807942	0.0436429070220275	moa_A	drug_003	72	0.1	G00003	cellline_BA	CL00011	26	tissue_x
0.316227766016838	0.820366666666667	0.770733333333333	0.0217890645355264	0.0254775064190618	moa_A	drug_003	72	0.1	G00003	cellline_BA	CL00011	26	tissue_x
1	0.7953	0.741933333333333	0.0321466950089742	0.0369776058356045	moa_A	drug_003	72	0.1	G00003	cellline_BA	CL00011	26	tissue_x
3.16227766016838	0.787366666666667	0.732666666666667	0.0215428255652162	0.0245833954801475	moa_A	drug_003	72	0.1	G00003	cellline_BA	CL00011	26	tissue_x
10	0.806966666666667	0.755	0.00595007002759913	0.00690000000000002	moa_A	drug_003	72	0.1	G00003	cellline_BA	CL00011	26	tissue_x
0.001	1.00333333333333	1.00396666666667	0.00592480660725181	0.00711781801771677	moa_A	drug_003	72	0.1	G00003	cellline_CA	CL00012	30	tissue_x
0.00316227766016838	0.993166666666667	0.991966666666667	0.0223128513044241	0.0267524453710933	moa_A	drug_003	72	0.1	G00003	cellline_CA	CL00012	30	tissue_x
0.01	0.9964	0.995933333333333	0.0298892957427906	0.0356267221805955	moa_A	drug_003	72	0.1	G00003	cellline_CA	CL00012	30	tissue_x
0.0316227766016838	0.9562	0.9484	0.0257722719215827	0.0298949828566601	moa_A	drug_003	72	0.1	G00003	cellline_CA	CL00012	30	tissue_x
0.1	0.943033333333333	0.933033333333333	0.00662746809372433	0.00764220736000623	moa_A	drug_003	72	0.1	G00003	cellline_CA	CL00012	30	tissue_x
0.316227766016838	0.947933333333333	0.939233333333333	0.0458548070907875	0.0525248829920956	moa_A	drug_003	72	0.1	G00003	cellline_CA	CL00012	30	tissue_x
1	0.902033333333333	0.886433333333333	0.0097207681452307	0.0108739750474853	moa_A	drug_003	72	0.1	G00003	cellline_CA	CL00012	30	tissue_x
3.16227766016838	0.938033333333333	0.927766666666667	0.0439579723523883	0.0504529814117395	moa_A	drug_003	72	0.1	G00003	cellline_CA	CL00012	30	tissue_x
10	0.9372	0.926333333333333	0.0137815093513011	0.015860748195887	moa_A	drug_003	72	0.1	G00003	cellline_CA	CL00012	30	tissue_x
0.001	1.00713333333333	1.00773333333333	0.027517509577237	0.0293183105470512	moa_A	drug_003	72	0.1	G00003	cellline_DA	CL00013	34	tissue_x
0.00316227766016838	1.0069	1.00733333333333	0.0105256828757094	0.0112055045996748	moa_A	drug_003	72	0.1	G00003	cellline_DA	CL00013	34	tissue_x
0.01	0.9813	0.980366666666667	0.0179635742545852	0.0188598338628243	moa_A	drug_003	72	0.1	G00003	cellline_DA	CL00013	34	tissue_x
0.0316227766016838	0.9007	0.8978	0.00948894093142117	0.00948894093142113	moa_A	drug_003	72	0.1	G00003	cellline_DA	CL00013	34	tissue_x
0.1	0.860933333333333	0.858566666666667	0.0236605860733274	0.0230792836399515	moa_A	drug_003	72	0.1	G00003	cellline_DA	CL00013	34	tissue_x
0.316227766016838	0.852833333333333	0.850633333333333	0.0179567071962911	0.0174371251453138	moa_A	drug_003	72	0.1	G00003	cellline_DA	CL00013	34	tissue_x
1	0.808566666666667	0.808566666666667	0.0480125330859905	0.045846955551414	moa_A	drug_003	72	0.1	G00003	cellline_DA	CL00013	34	tissue_x
3.16227766016838	0.827466666666667	0.826466666666667	0.0436939736500737	0.0415271397201075	moa_A	drug_003	72	0.1	G00003	cellline_DA	CL00013	34	tissue_x
10	0.849966666666667	0.8479	0.0226014011365077	0.0220027271037024	moa_A	drug_003	72	0.1	G00003	cellline_DA	CL00013	34	tissue_x
0.001	1.01853333333333	1.01793333333333	0.0452638192526143	0.0430039920627532	moa_A	drug_003	72	0.1	G00003	cellline_EA	CL00014	38	tissue_x
0.00316227766016838	1.03	1.0286	0.00389743505398091	0.00369999999999993	moa_A	drug_003	72	0.1	G00003	cellline_EA	CL00014	38	tissue_x
0.01	0.968	0.970033333333333	0.0303168270107543	0.0281810811242815	moa_A	drug_003	72	0.1	G00003	cellline_EA	CL00014	38	tissue_x
0.0316227766016838	0.792866666666667	0.813166666666667	0.0446358973622502	0.0383417961672811	moa_A	drug_003	72	0.1	G00003	cellline_EA	CL00014	38	tissue_x
0.1	0.708666666666667	0.742133333333333	0.0199640510251134	0.0164342122821063	moa_A	drug_003	72	0.1	G00003	cellline_EA	CL00014	38	tissue_x
0.316227766016838	0.693966666666667	0.730066666666667	0.0154280048396847	0.0125802755666692	moa_A	drug_003	72	0.1	G00003	cellline_EA	CL00014	38	tissue_x
1	0.729066666666667	0.759433333333333	0.0573704046816243	0.047729375999832	moa_A	drug_003	72	0.1	G00003	cellline_EA	CL00014	38	tissue_x
3.16227766016838	0.702633333333333	0.737133333333333	0.0088951297535974	0.0072858309981315	moa_A	drug_003	72	0.1	G00003	cellline_EA	CL00014	38	tissue_x
10	0.739166666666667	0.7674	0.00720023147776043	0.00599082632030005	moa_A	drug_003	72	0.1	G00003	cellline_EA	CL00014	38	tissue_x
0.001	0.935366666666667	0.945233333333333	0.00635714820759537	0.00531632705289411	moa_A	drug_003	72	0.1	G00003	cellline_FA	CL00015	42	tissue_x
0.00316227766016838	0.876033333333333	0.896233333333333	0.0345459597251738	0.0283662357977461	moa_A	drug_003	72	0.1	G00003	cellline_FA	CL00015	42	tissue_x
0.01	0.6735	0.7369	0.038219235994457	0.0287292533839639	moa_A	drug_003	72	0.1	G00003	cellline_FA	CL00015	42	tissue_x
0.0316227766016838	0.676466666666667	0.7394	0.0648457657317218	0.0485914601550519	moa_A	drug_003	72	0.1	G00003	cellline_FA	CL00015	42	tissue_x
0.1	0.671	0.735133333333333	0.0523093681858232	0.0392175130947046	moa_A	drug_003	72	0.1	G00003	cellline_FA	CL00015	42	tissue_x
0.316227766016838	0.629366666666667	0.703933333333333	0.0438234336095808	0.0323527948303286	moa_A	drug_003	72	0.1	G00003	cellline_FA	CL00015	42	tissue_x
1	0.638566666666667	0.710866666666667	0.0534660016583747	0.040041769857654	moa_A	drug_003	72	0.1	G00003	cellline_FA	CL00015	42	tissue_x
3.16227766016838	0.6687	0.733233333333333	0.0352846992335205	0.0264859082029168	moa_A	drug_003	72	0.1	G00003	cellline_FA	CL00015	42	tissue_x
10	0.656866666666667	0.7245	0.0528271079402737	0.0394452785514312	moa_A	drug_003	72	0.1	G00003	cellline_FA	CL00015	42	tissue_x
0.001	1.0037	1.0032	0.0633042652591434	0.0493292002773206	moa_A	drug_003	72	0.1	G00003	cellline_GB	CL00016	46	tissue_y
0.00316227766016838	0.808466666666667	0.854266666666667	0.0276178082644755	0.0203598461028892	moa_A	drug_003	72	0.1	G00003	cellline_GB	CL00016	46	tissue_y
0.01	-0.0584	0.307733333333333	0.0424137949257078	0.0217736844225623	moa_A	drug_003	72	0.1	G00003	cellline_GB	CL00016	46	tissue_y
0.0316227766016838	-0.639066666666667	0.0689	0.0473219117675241	0.0143530484566868	moa_A	drug_003	72	0.1	G00003	cellline_GB	CL00016	46	tissue_y
0.1	-0.8082	0.0286666666666667	0.127235883303414	0.0288884636720843	moa_A	drug_003	72	0.1	G00003	cellline_GB	CL00016	46	tissue_y
0.316227766016838	-0.777966666666667	0.0341333333333333	0.101592634247436	0.0210081730127428	moa_A	drug_003	72	0.1	G00003	cellline_GB	CL00016	46	tissue_y
1	-0.804033333333333	0.0275	0.0738579943765963	0.0145749785591609	moa_A	drug_003	72	0.1	G00003	cellline_GB	CL00016	46	tissue_y
3.16227766016838	-0.7577	0.0382666666666667	0.090300166112804	0.0213378380660585	moa_A	drug_003	72	0.1	G00003	cellline_GB	CL00016	46	tissue_y
10	-0.646	0.0665666666666667	0.0189739294823186	0.00553744826913384	moa_A	drug_003	72	0.1	G00003	cellline_GB	CL00016	46	tissue_y
0.001	1.04373333333333	1.03163333333333	0.00317857410379778	0.00230723499742304	moa_A	drug_003	72	0.1	G00003	cellline_HB	CL00017	50	tissue_y
0.00316227766016838	1.0034	1.00256666666667	0.0452049776020296	0.0326129319953502	moa_A	drug_003	72	0.1	G00003	cellline_HB	CL00017	50	tissue_y
0.01	0.915033333333333	0.9395	0.0407787117664761	0.0287699496002339	moa_A	drug_003	72	0.1	G00003	cellline_HB	CL00017	50	tissue_y
0.0316227766016838	0.346766666666667	0.565866666666667	0.0196166595865181	0.0118681646994526	moa_A	drug_003	72	0.1	G00003	cellline_HB	CL00017	50	tissue_y
0.1	-0.0816666666666667	0.326433333333333	0.0713808330949796	0.0366149332012682	moa_A	drug_003	72	0.1	G00003	cellline_HB	CL00017	50	tissue_y
0.316227766016838	-0.0778	0.3285	0.0792714324331281	0.0401600547808391	moa_A	drug_003	72	0.1	G00003	cellline_HB	CL00017	50	tissue_y
1	-0.0587666666666667	0.337966666666667	0.0485874812408848	0.0252480362272659	moa_A	drug_003	72	0.1	G00003	cellline_HB	CL00017	50	tissue_y
3.16227766016838	-0.118	0.308366666666667	0.0953335198133374	0.0484290546400953	moa_A	drug_003	72	0.1	G00003	cellline_HB	CL00017	50	tissue_y
10	-0.115233333333333	0.3095	0.0779123439086088	0.038816491340666	moa_A	drug_003	72	0.1	G00003	cellline_HB	CL00017	50	tissue_y
0.001	0.9991	0.999066666666667	0.0263842756201492	0.0366761957314731	moa_A	drug_003	72	0	G00003	cellline_BA	CL00011	26	tissue_x
0.00316227766016838	0.9641	0.9517	0.0396092160992869	0.0532128743820516	moa_A	drug_003	72	0	G00003	cellline_BA	CL00011	26	tissue_x
0.01	0.794466666666667	0.741666666666667	0.0536124363681911	0.060446367412222	moa_A	drug_003	72	0	G00003	cellline_BA	CL00011	26	tissue_x
0.0316227766016838	0.751366666666667	0.692466666666667	0.0134366414454406	0.0147595167039214	moa_A	drug_003	72	0	G00003	cellline_BA	CL00011	26	tissue_x
0.1	0.7067	0.646133333333333	0.0665975975542662	0.0682853815492989	moa_A	drug_003	72	0	G00003	cellline_BA	CL00011	26	tissue_x
0.316227766016838	0.7263	0.665733333333333	0.0351227846276459	0.0372937438900057	moa_A	drug_003	72	0	G00003	cellline_BA	CL00011	26	tissue_x
1	0.683	0.621266666666667	0.0567523567792563	0.0582925667073713	moa_A	drug_003	72	0	G00003	cellline_BA	CL00011	26	tissue_x
3.16227766016838	0.668866666666667	0.606266666666667	0.0365790012621085	0.0371727498758612	moa_A	drug_003	72	0	G00003	cellline_BA	CL00011	26	tissue_x
10	0.703766666666667	0.641566666666667	0.00951700232916504	0.00987741531643441	moa_A	drug_003	72	0	G00003	cellline_BA	CL00011	26	tissue_x
0.001	1.00463333333333	1.0056	0.00741440040281971	0.00891122887148563	moa_A	drug_003	72	0	G00003	cellline_CA	CL00012	30	tissue_x
0.00316227766016838	0.990766666666667	0.9892	0.0289869510872278	0.0347909470983472	moa_A	drug_003	72	0	G00003	cellline_CA	CL00012	30	tissue_x
0.01	0.994766666666667	0.994166666666667	0.0394581212595496	0.0469813083399487	moa_A	drug_003	72	0	G00003	cellline_CA	CL00012	30	tissue_x
0.0316227766016838	0.940166666666667	0.930066666666667	0.0364585152376414	0.0416894870840759	moa_A	drug_003	72	0	G00003	cellline_CA	CL00012	30	tissue_x
0.1	0.922	0.908966666666667	0.00972471079261484	0.01105637071255	moa_A	drug_003	72	0	G00003	cellline_CA	CL00012	30	tissue_x
0.316227766016838	0.9274	0.916333333333333	0.0668697988631639	0.0751282459088014	moa_A	drug_003	72	0	G00003	cellline_CA	CL00012	30	tissue_x
1	0.8614	0.841733333333333	0.0143041951888248	0.0155068801934281	moa_A	drug_003	72	0	G00003	cellline_CA	CL00012	30	tissue_x
3.16227766016838	0.913766666666667	0.900733333333333	0.0637506339837756	0.0718744970996899	moa_A	drug_003	72	0	G00003	cellline_CA	CL00012	30	tissue_x
10	0.913333333333333	0.899266666666667	0.020467616698906	0.0231698798730881	moa_A	drug_003	72	0	G00003	cellline_CA	CL00012	30	tissue_x
0.001	1.00886666666667	1.00966666666667	0.0342494282190714	0.036573396524432	moa_A	drug_003	72	0	G00003	cellline_DA	CL00013	34	tissue_x
0.00316227766016838	1.00896666666667	1.00956666666667	0.013494566807917	0.0143827442907581	moa_A	drug_003	72	0	G00003	cellline_DA	CL00013	34	tissue_x
0.01	0.975433333333333	0.9743	0.0235504423171484	0.0247040482512482	moa_A	drug_003	72	0	G00003	cellline_DA	CL00013	34	tissue_x
0.0316227766016838	0.861433333333333	0.858966666666667	0.0135145600495663	0.0132114849026646	moa_A	drug_003	72	0	G00003	cellline_DA	CL00013	34	tissue_x
0.1	0.800533333333333	0.800766666666667	0.0362789654391266	0.0339984313363622	moa_A	drug_003	72	0	G00003	cellline_DA	CL00013	34	tissue_x
0.316227766016838	0.788633333333333	0.7895	0.0270692322265211	0.0251346374551137	moa_A	drug_003	72	0	G00003	cellline_DA	CL00013	34	tissue_x
1	0.717833333333333	0.725733333333333	0.075079580002377	0.0680607326829012	moa_A	drug_003	72	0	G00003	cellline_DA	CL00013	34	tissue_x
3.16227766016838	0.748066666666667	0.752833333333333	0.0687220731157998	0.0618390114194376	moa_A	drug_003	72	0	G00003	cellline_DA	CL00013	34	tissue_x
10	0.783466666666667	0.784766666666667	0.0354875095397427	0.0332003514037628	moa_A	drug_003	72	0	G00003	cellline_DA	CL00013	34	tissue_x
0.001	1.0229	1.0223	0.0586286619325394	0.0556784518462933	moa_A	drug_003	72	0	G00003	cellline_EA	CL00014	38	tissue_x
0.00316227766016838	1.03876666666667	1.03703333333333	0.00518684232778805	0.00503421625810149	moa_A	drug_003	72	0	G00003	cellline_EA	CL00014	38	tissue_x
0.01	0.956566666666667	0.9595	0.0422438555689858	0.0389815340898739	moa_A	drug_003	72	0	G00003	cellline_EA	CL00014	38	tissue_x
0.0316227766016838	0.691666666666667	0.728866666666667	0.0708333490196061	0.0578520814952524	moa_A	drug_003	72	0	G00003	cellline_EA	CL00014	38	tissue_x
0.1	0.551833333333333	0.618533333333333	0.035786356804421	0.0271028288806415	moa_A	drug_003	72	0	G00003	cellline_EA	CL00014	38	tissue_x
0.316227766016838	0.526966666666667	0.599833333333333	0.028991263051708	0.021637313449995	moa_A	drug_003	72	0	G00003	cellline_EA	CL00014	38	tissue_x
1	0.5864	0.646033333333333	0.0952190632174042	0.0733970253711506	moa_A	drug_003	72	0	G00003	cellline_EA	CL00014	38	tissue_x
3.16227766016838	0.541933333333333	0.610933333333333	0.0171447756862939	0.0128881082139053	moa_A	drug_003	72	0	G00003	cellline_EA	CL00014	38	tissue_x
10	0.603733333333333	0.658133333333333	0.013313276581418	0.0103316665322363	moa_A	drug_003	72	0	G00003	cellline_EA	CL00014	38	tissue_x
0.001	0.912366666666667	0.926066666666667	0.00796073698430822	0.0066530694670455	moa_A	drug_003	72	0	G00003	cellline_FA	CL00015	42	tissue_x
0.00316227766016838	0.826433333333333	0.856133333333333	0.0502881032982288	0.0405951146486043	moa_A	drug_003	72	0	G00003	cellline_FA	CL00015	42	tissue_x
0.01	0.503566666666667	0.6137	0.0691809463171279	0.047953831963671	moa_A	drug_003	72	0	G00003	cellline_FA	CL00015	42	tissue_x
0.0316227766016838	0.5079	0.617433333333333	0.104270225855706	0.071996203603616	moa_A	drug_003	72	0	G00003	cellline_FA	CL00015	42	tissue_x
0.1	0.498833333333333	0.610866666666667	0.0940059749874088	0.0647356419087146	moa_A	drug_003	72	0	G00003	cellline_FA	CL00015	42	tissue_x
0.316227766016838	0.428066666666667	0.5619	0.0699375673964525	0.0468520010245027	moa_A	drug_003	72	0	G00003	cellline_FA	CL00015	42	tissue_x
1	0.443466666666667	0.5726	0.0862969485748676	0.0592682883167719	moa_A	drug_003	72	0	G00003	cellline_FA	CL00015	42	tissue_x
3.16227766016838	0.494966666666667	0.607633333333333	0.0644683901872331	0.0445551717910877	moa_A	drug_003	72	0	G00003	cellline_FA	CL00015	42	tissue_x
10	0.474633333333333	0.5941	0.0944610678180875	0.0644744910798061	moa_A	drug_003	72	0	G00003	cellline_FA	CL00015	42	tissue_x
0.001	1.00326666666667	1.00306666666667	0.0820347690515023	0.0638208691051237	moa_A	drug_003	72	0	G00003	cellline_GB	CL00016	46	tissue_y
0.00316227766016838	0.7282	0.795766666666667	0.0396031564398597	0.0284299724469324	moa_A	drug_003	72	0	G00003	cellline_GB	CL00016	46	tissue_y
0.01	-0.8943	0.0100333333333333	0.00101488915650922	0.000152752523165195	moa_A	drug_003	72	0	G00003	cellline_GB	CL00016	46	tissue_y
0.0316227766016838	-0.8943	0.0100333333333333	0.00101488915650922	0.000152752523165195	moa_A	drug_003	72	0	G00003	cellline_GB	CL00016	46	tissue_y
0.1	-0.8943	0.0100333333333333	0.00101488915650922	0.000152752523165195	moa_A	drug_003	72	0	G00003	cellline_GB	CL00016	46	tissue_y
0.316227766016838	-0.8943	0.0100333333333333	0.00101488915650922	0.000152752523165195	moa_A	drug_003	72	0	G00003	cellline_GB	CL00016	46	tissue_y
1	-0.8943	0.0100333333333333	0.00101488915650922	0.000152752523165195	moa_A	drug_003	72	0	G00003	cellline_GB	CL00016	46	tissue_y
3.16227766016838	-0.8943	0.0100333333333333	0.00101488915650922	0.000152752523165195	moa_A	drug_003	72	0	G00003	cellline_GB	CL00016	46	tissue_y
10	-0.8943	0.0100333333333333	0.00101488915650922	0.000152752523165195	moa_A	drug_003	72	0	G00003	cellline_GB	CL00016	46	tissue_y
0.001	1.05536666666667	1.0401	0.00342101349505279	0.00247588368062793	moa_A	drug_003	72	0	G00003	cellline_HB	CL00017	50	tissue_y
0.00316227766016838	1.00393333333333	1.003	0.0580999426276252	0.0419357842421004	moa_A	drug_003	72	0	G00003	cellline_HB	CL00017	50	tissue_y
0.01	0.882633333333333	0.9168	0.0599525089828052	0.0419658194248605	moa_A	drug_003	72	0	G00003	cellline_HB	CL00017	50	tissue_y
0.0316227766016838	-0.0600666666666667	0.337266666666667	0.0423389103937895	0.0217564549808404	moa_A	drug_003	72	0	G00003	cellline_HB	CL00017	50	tissue_y
0.1	-0.917533333333333	0.0101333333333333	0.000288675134594781	0.0000577350269189632	moa_A	drug_003	72	0	G00003	cellline_HB	CL00017	50	tissue_y
0.316227766016838	-0.917533333333333	0.0101333333333333	0.000288675134594781	0.0000577350269189632	moa_A	drug_003	72	0	G00003	cellline_HB	CL00017	50	tissue_y
1	-0.917533333333333	0.0101333333333333	0.000288675134594781	0.0000577350269189632	moa_A	drug_003	72	0	G00003	cellline_HB	CL00017	50	tissue_y
3.16227766016838	-0.917533333333333	0.0101333333333333	0.000288675134594781	0.0000577350269189632	moa_A	drug_003	72	0	G00003	cellline_HB	CL00017	50	tissue_y
10	-0.917533333333333	0.0101333333333333	0.000288675134594781	0.0000577350269189632	moa_A	drug_003	72	0	G00003	cellline_HB	CL00017	50	tissue_y
0.001	1.01506666666667	1.02106666666667	0.00914184518209161	0.0128741342751012	moa_A	drug_004	72	0.1	G00004	cellline_BA	CL00011	26	tissue_x
0.00316227766016838	1.00403333333333	1.00566666666667	0.0123714725612328	0.0172123018022963	moa_A	drug_004	72	0.1	G00004	cellline_BA	CL00011	26	tissue_x
0.01	0.943233333333333	0.923666666666667	0.0261266785744636	0.0345983140244338	moa_A	drug_004	72	0.1	G00004	cellline_BA	CL00011	26	tissue_x
0.0316227766016838	0.702533333333333	0.640766666666667	0.0384730208501144	0.0404209516628856	moa_A	drug_004	72	0.1	G00004	cellline_BA	CL00011	26	tissue_x
0.1	0.631233333333333	0.569366666666667	0.0442291005259359	0.0431065346940964	moa_A	drug_004	72	0.1	G00004	cellline_BA	CL00011	26	tissue_x
0.316227766016838	0.660833333333333	0.598066666666667	0.0313149059288598	0.0310717449354447	moa_A	drug_004	72	0.1	G00004	cellline_BA	CL00011	26	tissue_x
1	0.623666666666667	0.5617	0.0287453184594177	0.0274650687237443	moa_A	drug_004	72	0.1	G00004	cellline_BA	CL00011	26	tissue_x
3.16227766016838	0.630666666666667	0.568233333333333	0.0161593110414193	0.0156465118583451	moa_A	drug_004	72	0.1	G00004	cellline_BA	CL00011	26	tissue_x
10	0.6627	0.599666666666667	0.0101207707216397	0.0101298239537187	moa_A	drug_004	72	0.1	G00004	cellline_BA	CL00011	26	tissue_x
0.001	0.9694	0.9637	0.0134714512952391	0.0158357191184992	moa_A	drug_004	72	0.1	G00004	cellline_CA	CL00012	30	tissue_x
0.00316227766016838	1.00986666666667	1.01196666666667	0.0192718274518358	0.023211275995372	moa_A	drug_004	72	0.1	G00004	cellline_CA	CL00012	30	tissue_x
0.01	0.980733333333333	0.977266666666667	0.0292057072048141	0.034378820999757	moa_A	drug_004	72	0.1	G00004	cellline_CA	CL00012	30	tissue_x
0.0316227766016838	0.7795	0.755766666666667	0.0308290447467967	0.031302768780626	moa_A	drug_004	72	0.1	G00004	cellline_CA	CL00012	30	tissue_x
0.1	0.6146	0.598266666666667	0.0068636724863588	0.0061133733186624	moa_A	drug_004	72	0.1	G00004	cellline_CA	CL00012	30	tissue_x
0.316227766016838	0.676866666666667	0.6552	0.015172453108622	0.014243946082459	moa_A	drug_004	72	0.1	G00004	cellline_CA	CL00012	30	tissue_x
1	0.6228	0.605566666666667	0.00586429876455824	0.00527857303949975	moa_A	drug_004	72	0.1	G00004	cellline_CA	CL00012	30	tissue_x
3.16227766016838	0.6787	0.656933333333333	0.021988406035909	0.0205417461120844	moa_A	drug_004	72	0.1	G00004	cellline_CA	CL00012	30	tissue_x
10	0.624266666666667	0.606966666666667	0.0173877351409933	0.0155358724677223	moa_A	drug_004	72	0.1	G00004	cellline_CA	CL00012	30	tissue_x
0.001	0.972	0.970733333333333	0.0276284273891945	0.0288985005378018	moa_A	drug_004	72	0.1	G00004	cellline_DA	CL00013	34	tissue_x
0.00316227766016838	0.9467	0.944666666666667	0.0351373021161272	0.0362880604790796	moa_A	drug_004	72	0.1	G00004	cellline_DA	CL00013	34	tissue_x
0.01	0.736266666666667	0.741433333333333	0.0325905405498794	0.0293039815269757	moa_A	drug_004	72	0.1	G00004	cellline_DA	CL00013	34	tissue_x
0.0316227766016838	0.5864	0.612233333333333	0.00240624188310315	0.00195533458347501	moa_A	drug_004	72	0.1	G00004	cellline_DA	CL00013	34	tissue_x
0.1	0.566866666666667	0.596733333333333	0.0426110705490174	0.0342841557185434	moa_A	drug_004	72	0.1	G00004	cellline_DA	CL00013	34	tissue_x
0.316227766016838	0.582533333333333	0.6096	0.0508448948600874	0.04137040004641	moa_A	drug_004	72	0.1	G00004	cellline_DA	CL00013	34	tissue_x
1	0.611766666666667	0.633166666666667	0.00600111100824951	0.00500133315560295	moa_A	drug_004	72	0.1	G00004	cellline_DA	CL00013	34	tissue_x
3.16227766016838	0.556233333333333	0.587933333333333	0.0229384684173406	0.0184307713710884	moa_A	drug_004	72	0.1	G00004	cellline_DA	CL00013	34	tissue_x
10	0.552233333333333	0.585133333333333	0.0501299644258135	0.040343566195037	moa_A	drug_004	72	0.1	G00004	cellline_DA	CL00013	34	tissue_x
0.001	1.00506666666667	1.00496666666667	0.0317033647005067	0.0301013842428107	moa_A	drug_004	72	0.1	G00004	cellline_EA	CL00014	38	tissue_x
0.00316227766016838	1.01616666666667	1.01556666666667	0.0388844870524652	0.0372206036132319	moa_A	drug_004	72	0.1	G00004	cellline_EA	CL00014	38	tissue_x
0.01	0.973966666666667	0.975766666666667	0.0442972158643558	0.041507147978792	moa_A	drug_004	72	0.1	G00004	cellline_EA	CL00014	38	tissue_x
0.0316227766016838	0.900433333333333	0.907833333333333	0.0199241896531159	0.0180577776410425	moa_A	drug_004	72	0.1	G00004	cellline_EA	CL00014	38	tissue_x
0.1	0.895933333333333	0.9038	0.0257899851363535	0.0233467342469991	moa_A	drug_004	72	0.1	G00004	cellline_EA	CL00014	38	tissue_x
0.316227766016838	0.869833333333333	0.880333333333333	0.0143350386582434	0.0127641424832745	moa_A	drug_004	72	0.1	G00004	cellline_EA	CL00014	38	tissue_x
1	0.893866666666667	0.901866666666667	0.0110210404832455	0.00996309858093021	moa_A	drug_004	72	0.1	G00004	cellline_EA	CL00014	38	tissue_x
3.16227766016838	0.891066666666667	0.8998	0.0560014583143452	0.050107584256278	moa_A	drug_004	72	0.1	G00004	cellline_EA	CL00014	38	tissue_x
10	0.8683	0.878966666666667	0.0152325309781401	0.0135883528557854	moa_A	drug_004	72	0.1	G00004	cellline_EA	CL00014	38	tissue_x
0.001	0.998066666666667	0.9986	0.0497345285825987	0.0424215746996738	moa_A	drug_004	72	0.1	G00004	cellline_FA	CL00015	42	tissue_x
0.00316227766016838	0.925333333333333	0.936866666666667	0.00640416531121214	0.00535381483928363	moa_A	drug_004	72	0.1	G00004	cellline_FA	CL00015	42	tissue_x
0.01	0.5501	0.646133333333333	0.0236450840556764	0.0168316170742247	moa_A	drug_004	72	0.1	G00004	cellline_FA	CL00015	42	tissue_x
0.0316227766016838	0.4376	0.568566666666667	0.0847247897607305	0.0578926880817719	moa_A	drug_004	72	0.1	G00004	cellline_FA	CL00015	42	tissue_x
0.1	0.428366666666667	0.5616	0.0236165902139435	0.0159586966886397	moa_A	drug_004	72	0.1	G00004	cellline_FA	CL00015	42	tissue_x
0.316227766016838	0.457966666666667	0.582266666666667	0.0747455238347644	0.0506006258195819	moa_A	drug_004	72	0.1	G00004	cellline_FA	CL00015	42	tissue_x
1	0.426533333333333	0.560433333333333	0.0323537220939621	0.021667794842423	moa_A	drug_004	72	0.1	G00004	cellline_FA	CL00015	42	tissue_x
3.16227766016838	0.410066666666667	0.549366666666667	0.0294136589586086	0.0195817091525059	moa_A	drug_004	72	0.1	G00004	cellline_FA	CL00015	42	tissue_x
10	0.4487	0.5754	0.0279506708327367	0.0190968583803724	moa_A	drug_004	72	0.1	G00004	cellline_FA	CL00015	42	tissue_x
0.001	0.968333333333333	0.975466666666667	0.0435309468462764	0.033835090266369	moa_A	drug_004	72	0.1	G00004	cellline_GB	CL00016	46	tissue_y
0.00316227766016838	1.0142	1.01116666666667	0.021738675212625	0.0170810811523548	moa_A	drug_004	72	0.1	G00004	cellline_GB	CL00016	46	tissue_y
0.01	0.865166666666667	0.8969	0.0719501447763195	0.0544581490688033	moa_A	drug_004	72	0.1	G00004	cellline_GB	CL00016	46	tissue_y
0.0316227766016838	0.208266666666667	0.454666666666667	0.0551218045181154	0.032331615074619	moa_A	drug_004	72	0.1	G00004	cellline_GB	CL00016	46	tissue_y
0.1	-0.180633333333333	0.247466666666667	0.0266310595608461	0.0126516138627976	moa_A	drug_004	72	0.1	G00004	cellline_GB	CL00016	46	tissue_y
0.316227766016838	-0.188733333333333	0.243733333333333	0.038623093264695	0.0180100897647217	moa_A	drug_004	72	0.1	G00004	cellline_GB	CL00016	46	tissue_y
1	-0.127633333333333	0.273033333333333	0.0340417880454793	0.016747935196117	moa_A	drug_004	72	0.1	G00004	cellline_GB	CL00016	46	tissue_y
3.16227766016838	-0.147933333333333	0.263033333333333	0.0128628664508862	0.00623244200400882	moa_A	drug_004	72	0.1	G00004	cellline_GB	CL00016	46	tissue_y
10	-0.225266666666667	0.226633333333333	0.00868005376327433	0.00397156560229506	moa_A	drug_004	72	0.1	G00004	cellline_GB	CL00016	46	tissue_y
0.001	0.989366666666667	0.9925	0.050972280048408	0.036595218266872	moa_A	drug_004	72	0.1	G00004	cellline_HB	CL00017	50	tissue_y
0.00316227766016838	1.0072	1.00536666666667	0.0579697334822232	0.0416790514927263	moa_A	drug_004	72	0.1	G00004	cellline_HB	CL00017	50	tissue_y
0.01	0.962833333333333	0.973366666666667	0.0193070798758728	0.0137732833171083	moa_A	drug_004	72	0.1	G00004	cellline_HB	CL00017	50	tissue_y
0.0316227766016838	0.2346	0.4993	0.0294867766973604	0.0172217885250052	moa_A	drug_004	72	0.1	G00004	cellline_HB	CL00017	50	tissue_y
0.1	-0.0691	0.332533333333333	0.0307954542099967	0.015798839619837	moa_A	drug_004	72	0.1	G00004	cellline_HB	CL00017	50	tissue_y
0.316227766016838	0.00210000000000003	0.3697	0.0114839017759645	0.00610245852095693	moa_A	drug_004	72	0.1	G00004	cellline_HB	CL00017	50	tissue_y
1	-0.0852666666666667	0.3247	0.0801838720275676	0.0405763477903076	moa_A	drug_004	72	0.1	G00004	cellline_HB	CL00017	50	tissue_y
3.16227766016838	-0.113233333333333	0.3101	0.0331825757489278	0.0167311087498707	moa_A	drug_004	72	0.1	G00004	cellline_HB	CL00017	50	tissue_y
10	-0.0922	0.320766666666667	0.0402	0.0205597503227382	moa_A	drug_004	72	0.1	G00004	cellline_HB	CL00017	50	tissue_y
0.001	1.0191	1.02673333333333	0.0108512672071054	0.0153324275094759	moa_A	drug_004	72	0	G00004	cellline_BA	CL00011	26	tissue_x
0.00316227766016838	1.0052	1.00733333333333	0.0159182285446591	0.0221504702734125	moa_A	drug_004	72	0	G00004	cellline_BA	CL00011	26	tissue_x
0.01	0.921066666666667	0.895066666666667	0.0371494728540438	0.0483479403215208	moa_A	drug_004	72	0	G00004	cellline_BA	CL00011	26	tissue_x
0.0316227766016838	0.508466666666667	0.459833333333333	0.0765130272132357	0.0653275847811117	moa_A	drug_004	72	0	G00004	cellline_BA	CL00011	26	tissue_x
0.1	0.357066666666667	0.3445	0.096706997333871	0.069419665801558	moa_A	drug_004	72	0	G00004	cellline_BA	CL00011	26	tissue_x
0.316227766016838	0.422633333333333	0.390766666666667	0.0672631647585313	0.0502117848052958	moa_A	drug_004	72	0	G00004	cellline_BA	CL00011	26	tissue_x
1	0.3412	0.3319	0.0634423360225646	0.043113454976376	moa_A	drug_004	72	0	G00004	cellline_BA	CL00011	26	tissue_x
3.16227766016838	0.3577	0.342566666666667	0.0401880579276979	0.028319839924218	moa_A	drug_004	72	0	G00004	cellline_BA	CL00011	26	tissue_x
10	0.428066666666667	0.393633333333333	0.0239675475035168	0.018408240908173	moa_A	drug_004	72	0	G00004	cellline_BA	CL00011	26	tissue_x
0.001	0.9592	0.951833333333333	0.0182649938406779	0.0213729579921295	moa_A	drug_004	72	0	G00004	cellline_CA	CL00012	30	tissue_x
0.00316227766016838	1.01246666666667	1.0152	0.0248439798207401	0.0299759903923122	moa_A	drug_004	72	0	G00004	cellline_CA	CL00012	30	tissue_x
0.01	0.9742	0.969766666666667	0.0402	0.0469672580989495	moa_A	drug_004	72	0	G00004	cellline_CA	CL00012	30	tissue_x
0.0316227766016838	0.663733333333333	0.643666666666667	0.0548490960119976	0.0504361312288456	moa_A	drug_004	72	0	G00004	cellline_CA	CL00012	30	tissue_x
0.1	0.354433333333333	0.392466666666667	0.0148826520934051	0.0103548700297654	moa_A	drug_004	72	0	G00004	cellline_CA	CL00012	30	tissue_x
0.316227766016838	0.478466666666667	0.4845	0.0296921426194429	0.0234640150016999	moa_A	drug_004	72	0	G00004	cellline_CA	CL00012	30	tissue_x
1	0.3719	0.4047	0.0134877722400699	0.009559811713627	moa_A	drug_004	72	0	G00004	cellline_CA	CL00012	30	tissue_x
3.16227766016838	0.481533333333333	0.4871	0.0412836933102325	0.032199534158121	moa_A	drug_004	72	0	G00004	cellline_CA	CL00012	30	tissue_x
10	0.374533333333333	0.406833333333333	0.0337274863180364	0.0237424373924274	moa_A	drug_004	72	0	G00004	cellline_CA	CL00012	30	tissue_x
0.001	0.962	0.960466666666667	0.0372499664429378	0.0388384259893902	moa_A	drug_004	72	0	G00004	cellline_DA	CL00013	34	tissue_x
0.00316227766016838	0.9275	0.925233333333333	0.0486058638437792	0.0496774932271479	moa_A	drug_004	72	0	G00004	cellline_DA	CL00013	34	tissue_x
0.01	0.597933333333333	0.622266666666667	0.0544086696523021	0.044432683166036	moa_A	drug_004	72	0	G00004	cellline_DA	CL00013	34	tissue_x
0.0316227766016838	0.323466666666667	0.417133333333333	0.00176162803489643	0.00115902257671426	moa_A	drug_004	72	0	G00004	cellline_DA	CL00013	34	tissue_x
0.1	0.2822	0.391366666666667	0.0834330869619481	0.0534758200809799	moa_A	drug_004	72	0	G00004	cellline_DA	CL00013	34	tissue_x
0.316227766016838	0.313133333333333	0.412133333333333	0.100135225237343	0.0661501574702082	moa_A	drug_004	72	0	G00004	cellline_DA	CL00013	34	tissue_x
1	0.3732	0.451033333333333	0.00868504461704147	0.00600860494069409	moa_A	drug_004	72	0	G00004	cellline_DA	CL00013	34	tissue_x
3.16227766016838	0.2615	0.3773	0.0488439351404041	0.0312635570592983	moa_A	drug_004	72	0	G00004	cellline_DA	CL00013	34	tissue_x
10	0.251866666666667	0.3726	0.0992800248455516	0.0636505302413106	moa_A	drug_004	72	0	G00004	cellline_DA	CL00013	34	tissue_x
0.001	1.00633333333333	1.00626666666667	0.0412388570808326	0.0391288043943759	moa_A	drug_004	72	0	G00004	cellline_EA	CL00014	38	tissue_x
0.00316227766016838	1.01993333333333	1.0193	0.0485885103016479	0.0466423627188846	moa_A	drug_004	72	0	G00004	cellline_EA	CL00014	38	tissue_x
0.01	0.963633333333333	0.966366666666667	0.0607505006838078	0.0567204842480503	moa_A	drug_004	72	0	G00004	cellline_EA	CL00014	38	tissue_x
0.0316227766016838	0.859333333333333	0.871066666666667	0.0298089472026996	0.0265243912905336	moa_A	drug_004	72	0	G00004	cellline_EA	CL00014	38	tissue_x
0.1	0.852066666666667	0.8647	0.0388693109449259	0.0345069558205299	moa_A	drug_004	72	0	G00004	cellline_EA	CL00014	38	tissue_x
0.316227766016838	0.813533333333333	0.8308	0.02185802674839	0.0189665495016885	moa_A	drug_004	72	0	G00004	cellline_EA	CL00014	38	tissue_x
1	0.8495	0.862266666666667	0.0161006211060319	0.0142423078654175	moa_A	drug_004	72	0	G00004	cellline_EA	CL00014	38	tissue_x
3.16227766016838	0.8438	0.858233333333333	0.0848300064835551	0.0739013080623972	moa_A	drug_004	72	0	G00004	cellline_EA	CL00014	38	tissue_x
10	0.810933333333333	0.828566666666667	0.023566996697359	0.0204490423573656	moa_A	drug_004	72	0	G00004	cellline_EA	CL00014	38	tissue_x
0.001	0.998033333333333	0.998766666666667	0.0657954659025478	0.0560467959238825	moa_A	drug_004	72	0	G00004	cellline_FA	CL00015	42	tissue_x
0.00316227766016838	0.897633333333333	0.9139	0.00790527250215536	0.00651843539509293	moa_A	drug_004	72	0	G00004	cellline_FA	CL00015	42	tissue_x
0.01	0.2863	0.469533333333333	0.0497279599420688	0.0308684844677113	moa_A	drug_004	72	0	G00004	cellline_FA	CL00015	42	tissue_x
0.0316227766016838	0.0660333333333333	0.343133333333333	0.159116948604897	0.0891438350831583	moa_A	drug_004	72	0	G00004	cellline_FA	CL00015	42	tissue_x
0.1	0.0500666666666666	0.331633333333333	0.0449172943679083	0.0244965984033158	moa_A	drug_004	72	0	G00004	cellline_FA	CL00015	42	tissue_x
0.316227766016838	0.108733333333333	0.366133333333333	0.140150252705207	0.0768474029055851	moa_A	drug_004	72	0	G00004	cellline_FA	CL00015	42	tissue_x
1	0.0452666666666667	0.3294	0.071285996754856	0.0380003947347919	moa_A	drug_004	72	0	G00004	cellline_FA	CL00015	42	tissue_x
3.16227766016838	0.0119666666666667	0.3117	0.0730825788634565	0.0382061513371865	moa_A	drug_004	72	0	G00004	cellline_FA	CL00015	42	tissue_x
10	0.0918	0.3548	0.0656025151956844	0.0369260070952709	moa_A	drug_004	72	0	G00004	cellline_FA	CL00015	42	tissue_x
0.001	0.9585	0.967933333333333	0.0566708919993324	0.0439973105238643	moa_A	drug_004	72	0	G00004	cellline_GB	CL00016	46	tissue_y
0.00316227766016838	1.01853333333333	1.0146	0.0277013236747513	0.0217731486009718	moa_A	drug_004	72	0	G00004	cellline_GB	CL00016	46	tissue_y
0.01	0.812766666666667	0.858233333333333	0.10299156923425	0.0769155597609049	moa_A	drug_004	72	0	G00004	cellline_GB	CL00016	46	tissue_y
0.0316227766016838	-0.389133333333333	0.159133333333333	0.152194130416824	0.0595812330632166	moa_A	drug_004	72	0	G00004	cellline_GB	CL00016	46	tissue_y
0.1	-0.8943	0.0100333333333333	0.00101488915650922	0.000152752523165195	moa_A	drug_004	72	0	G00004	cellline_GB	CL00016	46	tissue_y
0.316227766016838	-0.8943	0.0100333333333333	0.00101488915650922	0.000152752523165195	moa_A	drug_004	72	0	G00004	cellline_GB	CL00016	46	tissue_y
1	-0.8943	0.0100333333333333	0.00101488915650922	0.000152752523165195	moa_A	drug_004	72	0	G00004	cellline_GB	CL00016	46	tissue_y
3.16227766016838	-0.8943	0.0100333333333333	0.00101488915650922	0.000152752523165195	moa_A	drug_004	72	0	G00004	cellline_GB	CL00016	46	tissue_y
10	-0.8943	0.0100333333333333	0.00101488915650922	0.000152752523165195	moa_A	drug_004	72	0	G00004	cellline_GB	CL00016	46	tissue_y
0.001	0.985	0.989466666666667	0.0683544438935758	0.0490308406345775	moa_A	drug_004	72	0	G00004	cellline_HB	CL00017	50	tissue_y
0.00316227766016838	1.0075	1.0057	0.0765214349055217	0.0549757219143141	moa_A	drug_004	72	0	G00004	cellline_HB	CL00017	50	tissue_y
0.01	0.9506	0.964666666666667	0.0266810794384335	0.0189985087134052	moa_A	drug_004	72	0	G00004	cellline_HB	CL00017	50	tissue_y
0.0316227766016838	-0.2854	0.227466666666667	0.0564131190415846	0.0260619134626246	moa_A	drug_004	72	0	G00004	cellline_HB	CL00017	50	tissue_y
0.1	-0.917533333333333	0.0101333333333333	0.000288675134594781	0.0000577350269189632	moa_A	drug_004	72	0	G00004	cellline_HB	CL00017	50	tissue_y
0.316227766016838	-0.902966666666667	0.0128666666666667	0.0138164153575858	0.00261597655443112	moa_A	drug_004	72	0	G00004	cellline_HB	CL00017	50	tissue_y
1	-0.917533333333333	0.0101333333333333	0.000288675134594781	0.0000577350269189632	moa_A	drug_004	72	0	G00004	cellline_HB	CL00017	50	tissue_y
3.16227766016838	-0.917533333333333	0.0101333333333333	0.000288675134594781	0.0000577350269189632	moa_A	drug_004	72	0	G00004	cellline_HB	CL00017	50	tissue_y
10	-0.917533333333333	0.0101333333333333	0.000288675134594781	0.0000577350269189632	moa_A	drug_004	72	0	G00004	cellline_HB	CL00017	50	tissue_y
0.001	0.983333333333333	0.977366666666667	0.0258954307423787	0.0355182112912986	moa_A	drug_005	72	0.1	G00005	cellline_BA	CL00011	26	tissue_x
0.00316227766016838	0.990666666666667	0.987833333333333	0.0413756369538082	0.0574343393218146	moa_A	drug_005	72	0.1	G00005	cellline_BA	CL00011	26	tissue_x
0.01	0.984433333333333	0.978633333333333	0.00710656973042081	0.00972950838086556	moa_A	drug_005	72	0.1	G00005	cellline_BA	CL00011	26	tissue_x
0.0316227766016838	0.9112	0.881933333333333	0.0160071858863449	0.0204142923789519	moa_A	drug_005	72	0.1	G00005	cellline_BA	CL00011	26	tissue_x
0.1	0.8286	0.780333333333333	0.0122110605600005	0.0144590225580201	moa_A	drug_005	72	0.1	G00005	cellline_BA	CL00011	26	tissue_x
0.316227766016838	0.8718	0.832466666666667	0.0124735720625649	0.0153994588649515	moa_A	drug_005	72	0.1	G00005	cellline_BA	CL00011	26	tissue_x
1	0.8616	0.820133333333333	0.0243131651579963	0.0298210216681678	moa_A	drug_005	72	0.1	G00005	cellline_BA	CL00011	26	tissue_x
3.16227766016838	0.8361	0.789433333333333	0.0264614814400101	0.0317139296419308	moa_A	drug_005	72	0.1	G00005	cellline_BA	CL00011	26	tissue_x
10	0.848833333333333	0.804733333333333	0.0289762546464055	0.0352241867661034	moa_A	drug_005	72	0.1	G00005	cellline_BA	CL00011	26	tissue_x
0.001	0.9913	0.9897	0.0183474793909137	0.0219529041358996	moa_A	drug_005	72	0.1	G00005	cellline_CA	CL00012	30	tissue_x
0.00316227766016838	0.9815	0.978066666666667	0.022491553970324	0.0266034458920895	moa_A	drug_005	72	0.1	G00005	cellline_CA	CL00012	30	tissue_x
0.01	0.997766666666667	0.997733333333333	0.0393161968320097	0.0467613444346218	moa_A	drug_005	72	0.1	G00005	cellline_CA	CL00012	30	tissue_x
0.0316227766016838	0.904633333333333	0.889366666666667	0.0068806491941773	0.00769437023630478	moa_A	drug_005	72	0.1	G00005	cellline_CA	CL00012	30	tissue_x
0.1	0.933966666666667	0.922666666666667	0.0180478068843097	0.020570934187181	moa_A	drug_005	72	0.1	G00005	cellline_CA	CL00012	30	tissue_x
0.316227766016838	0.927566666666667	0.915366666666667	0.0163857661808453	0.0186915310591008	moa_A	drug_005	72	0.1	G00005	cellline_CA	CL00012	30	tissue_x
1	0.893933333333333	0.8774	0.00719328390468027	0.00800749648766706	moa_A	drug_005	72	0.1	G00005	cellline_CA	CL00012	30	tissue_x
3.16227766016838	0.9296	0.917766666666667	0.0257501456306562	0.0293585308442594	moa_A	drug_005	72	0.1	G00005	cellline_CA	CL00012	30	tissue_x
10	0.902	0.886433333333333	0.00790506166958872	0.00883421379259826	moa_A	drug_005	72	0.1	G00005	cellline_CA	CL00012	30	tissue_x
0.001	0.984466666666667	0.983766666666667	0.0264229698053291	0.0276711642930567	moa_A	drug_005	72	0.1	G00005	cellline_DA	CL00013	34	tissue_x
0.00316227766016838	0.9583	0.956433333333333	0.0208309865344875	0.0215880368105424	moa_A	drug_005	72	0.1	G00005	cellline_DA	CL00013	34	tissue_x
0.01	0.747333333333333	0.751633333333333	0.0444590073363467	0.0405164575615062	moa_A	drug_005	72	0.1	G00005	cellline_DA	CL00013	34	tissue_x
0.0316227766016838	0.540566666666667	0.575766666666667	0.044610798393812	0.0351229744374439	moa_A	drug_005	72	0.1	G00005	cellline_DA	CL00013	34	tissue_x
0.1	0.503333333333333	0.546566666666667	0.0331967367874214	0.0255957678793454	moa_A	drug_005	72	0.1	G00005	cellline_DA	CL00013	34	tissue_x
0.316227766016838	0.488233333333333	0.5353	0.0531444572211753	0.0408787230720334	moa_A	drug_005	72	0.1	G00005	cellline_DA	CL00013	34	tissue_x
1	0.500133333333333	0.544366666666667	0.0498602379991646	0.0382518409143055	moa_A	drug_005	72	0.1	G00005	cellline_DA	CL00013	34	tissue_x
3.16227766016838	0.556833333333333	0.588333333333333	0.00839424405967172	0.00673003219407849	moa_A	drug_005	72	0.1	G00005	cellline_DA	CL00013	34	tissue_x
10	0.5043	0.547166666666667	0.0194378496753113	0.014984102686959	moa_A	drug_005	72	0.1	G00005	cellline_DA	CL00013	34	tissue_x
0.001	1.00043333333333	1.00066666666667	0.0407923195385276	0.0384761397925173	moa_A	drug_005	72	0.1	G00005	cellline_EA	CL00014	38	tissue_x
0.00316227766016838	0.940266666666667	0.944233333333333	0.0231314360413126	0.021421795754169	moa_A	drug_005	72	0.1	G00005	cellline_EA	CL00014	38	tissue_x
0.01	0.792233333333333	0.8124	0.0221865574917185	0.0191251143787429	moa_A	drug_005	72	0.1	G00005	cellline_EA	CL00014	38	tissue_x
0.0316227766016838	0.753166666666667	0.779166666666667	0.0114023389413459	0.00960277737601645	moa_A	drug_005	72	0.1	G00005	cellline_EA	CL00014	38	tissue_x
0.1	0.687366666666667	0.7251	0.055637607185548	0.0456474533791317	moa_A	drug_005	72	0.1	G00005	cellline_EA	CL00014	38	tissue_x
0.316227766016838	0.700933333333333	0.735866666666667	0.0332193216868336	0.0270961866935798	moa_A	drug_005	72	0.1	G00005	cellline_EA	CL00014	38	tissue_x
1	0.646866666666667	0.692066666666667	0.0144797559832109	0.0114984056865869	moa_A	drug_005	72	0.1	G00005	cellline_EA	CL00014	38	tissue_x
3.16227766016838	0.7214	0.7526	0.0086377080293328	0.00715821206726936	moa_A	drug_005	72	0.1	G00005	cellline_EA	CL00014	38	tissue_x
10	0.704866666666667	0.739166666666667	0.0410136968991254	0.0338711283150316	moa_A	drug_005	72	0.1	G00005	cellline_EA	CL00014	38	tissue_x
0.001	0.900633333333333	0.9164	0.0191197105975309	0.0157952524512905	moa_A	drug_005	72	0.1	G00005	cellline_FA	CL00015	42	tissue_x
0.00316227766016838	0.5887	0.674	0.0313306559139766	0.0228873327410601	moa_A	drug_005	72	0.1	G00005	cellline_FA	CL00015	42	tissue_x
0.01	0.264933333333333	0.456	0.01859955196593	0.0114764977236089	moa_A	drug_005	72	0.1	G00005	cellline_FA	CL00015	42	tissue_x
0.0316227766016838	0.2357	0.4382	0.0368590558750492	0.0224555115728856	moa_A	drug_005	72	0.1	G00005	cellline_FA	CL00015	42	tissue_x
0.1	0.221966666666667	0.430733333333333	0.0928191970086648	0.0567092878930192	moa_A	drug_005	72	0.1	G00005	cellline_FA	CL00015	42	tissue_x
0.316227766016838	0.248533333333333	0.4463	0.0604021798723634	0.0368747881349846	moa_A	drug_005	72	0.1	G00005	cellline_FA	CL00015	42	tissue_x
1	0.263233333333333	0.455066666666667	0.0364266843582192	0.0225500184774499	moa_A	drug_005	72	0.1	G00005	cellline_FA	CL00015	42	tissue_x
3.16227766016838	0.200666666666667	0.4172	0.0447238564228683	0.0268005596956481	moa_A	drug_005	72	0.1	G00005	cellline_FA	CL00015	42	tissue_x
10	0.210666666666667	0.423133333333333	0.0395783189806405	0.0238357574524774	moa_A	drug_005	72	0.1	G00005	cellline_FA	CL00015	42	tissue_x
0.001	0.9822	0.986166666666667	0.0320579163390262	0.0249064917909635	moa_A	drug_005	72	0.1	G00005	cellline_GB	CL00016	46	tissue_y
0.00316227766016838	1.0054	1.00433333333333	0.0409705992145587	0.0321132890457103	moa_A	drug_005	72	0.1	G00005	cellline_GB	CL00016	46	tissue_y
0.01	0.928766666666667	0.945066666666667	0.0566614801548048	0.0433405506810116	moa_A	drug_005	72	0.1	G00005	cellline_GB	CL00016	46	tissue_y
0.0316227766016838	0.293566666666667	0.5056	0.00551935986626472	0.00338082830087538	moa_A	drug_005	72	0.1	G00005	cellline_GB	CL00016	46	tissue_y
0.1	-0.0267666666666666	0.324233333333333	0.0596688640191292	0.0311681461324432	moa_A	drug_005	72	0.1	G00005	cellline_GB	CL00016	46	tissue_y
0.316227766016838	-0.0829666666666667	0.295833333333333	0.0845340956853111	0.0427991043519994	moa_A	drug_005	72	0.1	G00005	cellline_GB	CL00016	46	tissue_y
1	-0.0172333333333334	0.329166666666667	0.0534967600265037	0.0277734285484046	moa_A	drug_005	72	0.1	G00005	cellline_GB	CL00016	46	tissue_y
3.16227766016838	-0.0647	0.3047	0.0590378692027414	0.0299043475100193	moa_A	drug_005	72	0.1	G00005	cellline_GB	CL00016	46	tissue_y
10	-0.0207	0.327433333333333	0.0623858156955569	0.0324914347687715	moa_A	drug_005	72	0.1	G00005	cellline_GB	CL00016	46	tissue_y
0.001	1.0217	1.0158	0.0491952233453614	0.0354737931436716	moa_A	drug_005	72	0.1	G00005	cellline_HB	CL00017	50	tissue_y
0.00316227766016838	0.966466666666667	0.976	0.0305912296799809	0.0219050222551815	moa_A	drug_005	72	0.1	G00005	cellline_HB	CL00017	50	tissue_y
0.01	0.830133333333333	0.88	0.0116834640981745	0.00809135340965899	moa_A	drug_005	72	0.1	G00005	cellline_HB	CL00017	50	tissue_y
0.0316227766016838	0.0734	0.4082	0.025437767197614	0.0139172554765658	moa_A	drug_005	72	0.1	G00005	cellline_HB	CL00017	50	tissue_y
0.1	-0.155033333333333	0.289566666666667	0.0670635768009233	0.0333612549723978	moa_A	drug_005	72	0.1	G00005	cellline_HB	CL00017	50	tissue_y
0.316227766016838	-0.1652	0.2847	0.0762726032071805	0.0375644779013365	moa_A	drug_005	72	0.1	G00005	cellline_HB	CL00017	50	tissue_y
1	-0.223533333333333	0.256233333333333	0.0492910066171643	0.0235551126792748	moa_A	drug_005	72	0.1	G00005	cellline_HB	CL00017	50	tissue_y
3.16227766016838	-0.2519	0.242733333333333	0.027631684711577	0.0128484759148054	moa_A	drug_005	72	0.1	G00005	cellline_HB	CL00017	50	tissue_y
10	-0.131533333333333	0.300966666666667	0.0415824883013671	0.0208433042805917	moa_A	drug_005	72	0.1	G00005	cellline_HB	CL00017	50	tissue_y
0.001	0.992033333333333	0.989433333333333	0.033261589458914	0.0460172069266849	moa_A	drug_006	72	0.1	G00006	cellline_BA	CL00011	26	tissue_x
0.00316227766016838	0.998566666666667	0.998033333333333	0.00801644143827746	0.0110825688959434	moa_A	drug_006	72	0.1	G00006	cellline_BA	CL00011	26	tissue_x
0.01	0.9878	0.983666666666667	0.0344714374518964	0.046828338998232	moa_A	drug_006	72	0.1	G00006	cellline_BA	CL00011	26	tissue_x
0.0316227766016838	0.869933333333333	0.830333333333333	0.0258225353777149	0.0317588307929202	moa_A	drug_006	72	0.1	G00006	cellline_BA	CL00011	26	tissue_x
0.1	0.803933333333333	0.751666666666667	0.022553122474135	0.0260064094663861	moa_A	drug_006	72	0.1	G00006	cellline_BA	CL00011	26	tissue_x
0.316227766016838	0.8144	0.763966666666667	0.0315501188587301	0.0369900437054802	moa_A	drug_006	72	0.1	G00006	cellline_BA	CL00011	26	tissue_x
1	0.8053	0.753766666666667	0.0425324581937137	0.0497498073698114	moa_A	drug_006	72	0.1	G00006	cellline_BA	CL00011	26	tissue_x
3.16227766016838	0.8228	0.774133333333333	0.0433086596421547	0.0502673187402445	moa_A	drug_006	72	0.1	G00006	cellline_BA	CL00011	26	tissue_x
10	0.813366666666667	0.763	0.0384635325124114	0.0445781336531713	moa_A	drug_006	72	0.1	G00006	cellline_BA	CL00011	26	tissue_x
0.001	0.9727	0.9677	0.0219132380081082	0.0258789489740213	moa_A	drug_006	72	0.1	G00006	cellline_CA	CL00012	30	tissue_x
0.00316227766016838	0.9921	0.9909	0.0337195788823051	0.0399621070515558	moa_A	drug_006	72	0.1	G00006	cellline_CA	CL00012	30	tissue_x
0.01	0.833066666666667	0.8115	0.0290000574712074	0.0305947707950231	moa_A	drug_006	72	0.1	G00006	cellline_CA	CL00012	30	tissue_x
0.0316227766016838	0.6204	0.6036	0.0260570527880649	0.0233102981533913	moa_A	drug_006	72	0.1	G00006	cellline_CA	CL00012	30	tissue_x
0.1	0.5415	0.535333333333333	0.012929423807734	0.0107802288163718	moa_A	drug_006	72	0.1	G00006	cellline_CA	CL00012	30	tissue_x
0.316227766016838	0.598533333333333	0.584233333333333	0.0249524213921883	0.0218369717070232	moa_A	drug_006	72	0.1	G00006	cellline_CA	CL00012	30	tissue_x
1	0.5457	0.539033333333333	0.0307439424927903	0.0254900634234858	moa_A	drug_006	72	0.1	G00006	cellline_CA	CL00012	30	tissue_x
3.16227766016838	0.552866666666667	0.5453	0.0432315085711028	0.0367351330472615	moa_A	drug_006	72	0.1	G00006	cellline_CA	CL00012	30	tissue_x
10	0.577	0.565666666666667	0.0347146942950676	0.029766144079026	moa_A	drug_006	72	0.1	G00006	cellline_CA	CL00012	30	tissue_x
0.001	0.990866666666667	0.990366666666667	0.015102759129819	0.0159026203291575	moa_A	drug_006	72	0.1	G00006	cellline_DA	CL00013	34	tissue_x
0.00316227766016838	0.993766666666667	0.993666666666667	0.0367655182655343	0.0387603319559228	moa_A	drug_006	72	0.1	G00006	cellline_DA	CL00013	34	tissue_x
0.01	0.9713	0.970133333333333	0.0363653681405812	0.0379447405226776	moa_A	drug_006	72	0.1	G00006	cellline_DA	CL00013	34	tissue_x
0.0316227766016838	0.958433333333333	0.956933333333333	0.0468322894308333	0.0481275735242629	moa_A	drug_006	72	0.1	G00006	cellline_DA	CL00013	34	tissue_x
0.1	0.970966666666667	0.969666666666667	0.0284677595418631	0.0295068353662898	moa_A	drug_006	72	0.1	G00006	cellline_DA	CL00013	34	tissue_x
0.316227766016838	0.941566666666667	0.9392	0.0150546781212131	0.0154038956111758	moa_A	drug_006	72	0.1	G00006	cellline_DA	CL00013	34	tissue_x
1	0.957933333333333	0.956066666666667	0.0218470440410901	0.022509183311114	moa_A	drug_006	72	0.1	G00006	cellline_DA	CL00013	34	tissue_x
3.16227766016838	0.947366666666667	0.945166666666667	0.0174015324995625	0.0178365729144736	moa_A	drug_006	72	0.1	G00006	cellline_DA	CL00013	34	tissue_x
10	0.9826	0.9817	0.0121568910499354	0.0127812362469364	moa_A	drug_006	72	0.1	G00006	cellline_DA	CL00013	34	tissue_x
0.001	1.0122	1.0117	0.0273928822871927	0.0259928836414893	moa_A	drug_006	72	0.1	G00006	cellline_EA	CL00014	38	tissue_x
0.00316227766016838	1.0006	1.00086666666667	0.0455711531563555	0.0433643094414442	moa_A	drug_006	72	0.1	G00006	cellline_EA	CL00014	38	tissue_x
0.01	1.03586666666667	1.03436666666667	0.0285983099733766	0.0274463719521056	moa_A	drug_006	72	0.1	G00006	cellline_EA	CL00014	38	tissue_x
0.0316227766016838	0.9315	0.936166666666667	0.0209408691319153	0.0192391094735004	moa_A	drug_006	72	0.1	G00006	cellline_EA	CL00014	38	tissue_x
0.1	0.805133333333333	0.823566666666667	0.025342914854715	0.0219602671507733	moa_A	drug_006	72	0.1	G00006	cellline_EA	CL00014	38	tissue_x
0.316227766016838	0.799233333333333	0.8187	0.049085877127065	0.0422699656966977	moa_A	drug_006	72	0.1	G00006	cellline_EA	CL00014	38	tissue_x
1	0.8379	0.852066666666667	0.0164790776440917	0.0144559099794282	moa_A	drug_006	72	0.1	G00006	cellline_EA	CL00014	38	tissue_x
3.16227766016838	0.796666666666667	0.816166666666667	0.01192741939119	0.010257355084686	moa_A	drug_006	72	0.1	G00006	cellline_EA	CL00014	38	tissue_x
10	0.8241	0.839966666666667	0.016555663683465	0.0144548723042901	moa_A	drug_006	72	0.1	G00006	cellline_EA	CL00014	38	tissue_x
0.001	1.02126666666667	1.0184	0.0276377157763325	0.0238853511592356	moa_A	drug_006	72	0.1	G00006	cellline_FA	CL00015	42	tissue_x
0.00316227766016838	0.876766666666667	0.8968	0.0282390391715677	0.0231663549139695	moa_A	drug_006	72	0.1	G00006	cellline_FA	CL00015	42	tissue_x
0.01	0.428233333333333	0.561833333333333	0.0566053295488449	0.0379191684156356	moa_A	drug_006	72	0.1	G00006	cellline_FA	CL00015	42	tissue_x
0.0316227766016838	0.202133333333333	0.417966666666667	0.033593799030972	0.0199073688199454	moa_A	drug_006	72	0.1	G00006	cellline_FA	CL00015	42	tissue_x
0.1	0.147133333333333	0.386166666666667	0.068737204869949	0.039786974417934	moa_A	drug_006	72	0.1	G00006	cellline_FA	CL00015	42	tissue_x
0.316227766016838	0.150766666666667	0.3882	0.0639294402707651	0.0366263566301646	moa_A	drug_006	72	0.1	G00006	cellline_FA	CL00015	42	tissue_x
1	0.139966666666667	0.382033333333333	0.0674018051192499	0.0384265966920482	moa_A	drug_006	72	0.1	G00006	cellline_FA	CL00015	42	tissue_x
3.16227766016838	0.1371	0.380133333333333	0.0481081074248407	0.027710166606019	moa_A	drug_006	72	0.1	G00006	cellline_FA	CL00015	42	tissue_x
10	0.0853999999999999	0.350766666666667	0.0203403539792207	0.0112255660584816	moa_A	drug_006	72	0.1	G00006	cellline_FA	CL00015	42	tissue_x
0.001	0.954866666666667	0.9649	0.0167153621956969	0.0129294238077341	moa_A	drug_006	72	0.1	G00006	cellline_GB	CL00016	46	tissue_y
0.00316227766016838	1.0025	1.002	0.0203928909181607	0.0159285906470096	moa_A	drug_006	72	0.1	G00006	cellline_GB	CL00016	46	tissue_y
0.01	0.6388	0.7322	0.022592697935395	0.0157762479696536	moa_A	drug_006	72	0.1	G00006	cellline_GB	CL00016	46	tissue_y
0.0316227766016838	-0.121833333333333	0.275866666666667	0.0349841869039904	0.0170892753893585	moa_A	drug_006	72	0.1	G00006	cellline_GB	CL00016	46	tissue_y
0.1	-0.396466666666667	0.1536	0.0481757546213169	0.0193186438447423	moa_A	drug_006	72	0.1	G00006	cellline_GB	CL00016	46	tissue_y
0.316227766016838	-0.373633333333333	0.1632	0.0770817963810739	0.0319018808222963	moa_A	drug_006	72	0.1	G00006	cellline_GB	CL00016	46	tissue_y
1	-0.447133333333333	0.133766666666667	0.0296776571402349	0.0111840660465384	moa_A	drug_006	72	0.1	G00006	cellline_GB	CL00016	46	tissue_y
3.16227766016838	-0.325133333333333	0.183433333333333	0.0832096949479647	0.0345028018185963	moa_A	drug_006	72	0.1	G00006	cellline_GB	CL00016	46	tissue_y
10	-0.419266666666667	0.144966666666667	0.0702706434674775	0.027300244199152	moa_A	drug_006	72	0.1	G00006	cellline_GB	CL00016	46	tissue_y
0.001	0.9886	0.9921	0.0739064949784523	0.053328135163345	moa_A	drug_006	72	0.1	G00006	cellline_HB	CL00017	50	tissue_y
0.00316227766016838	0.998266666666667	0.998833333333333	0.0353782890108232	0.0253996719138916	moa_A	drug_006	72	0.1	G00006	cellline_HB	CL00017	50	tissue_y
0.01	0.6111	0.732566666666667	0.0464326393822278	0.0304920208141956	moa_A	drug_006	72	0.1	G00006	cellline_HB	CL00017	50	tissue_y
0.0316227766016838	-0.149066666666667	0.292266666666667	0.0406969695841512	0.0201921601948215	moa_A	drug_006	72	0.1	G00006	cellline_HB	CL00017	50	tissue_y
0.1	-0.255366666666667	0.241066666666667	0.0144918367825936	0.00672631647585313	moa_A	drug_006	72	0.1	G00006	cellline_HB	CL00017	50	tissue_y
0.316227766016838	-0.377866666666667	0.186133333333333	0.0198812306795463	0.0085990309531559	moa_A	drug_006	72	0.1	G00006	cellline_HB	CL00017	50	tissue_y
1	-0.255333333333333	0.241066666666667	0.00815127801840504	0.00380043857118272	moa_A	drug_006	72	0.1	G00006	cellline_HB	CL00017	50	tissue_y
3.16227766016838	-0.3729	0.189466666666667	0.111298292888975	0.0490989137693833	moa_A	drug_006	72	0.1	G00006	cellline_HB	CL00017	50	tissue_y
10	-0.345933333333333	0.201	0.100457768904816	0.0436223566534409	moa_A	drug_006	72	0.1	G00006	cellline_HB	CL00017	50	tissue_y
0.001	0.988266666666667	0.984133333333333	0.0275071505854992	0.037417821066082	moa_A	drug_007	72	0.1	G00007	cellline_BA	CL00011	26	tissue_x
0.00316227766016838	0.9019	0.870166666666667	0.0220061355080805	0.0277195478558603	moa_A	drug_007	72	0.1	G00007	cellline_BA	CL00011	26	tissue_x
0.01	0.6333	0.5711	0.0334143681670027	0.0320373219854594	moa_A	drug_007	72	0.1	G00007	cellline_BA	CL00011	26	tissue_x
0.0316227766016838	0.4475	0.409433333333333	0.0548177890834718	0.0425857174805513	moa_A	drug_007	72	0.1	G00007	cellline_BA	CL00011	26	tissue_x
0.1	0.393633333333333	0.368	0.0287941544993656	0.0211454486828726	moa_A	drug_007	72	0.1	G00007	cellline_BA	CL00011	26	tissue_x
0.316227766016838	0.441966666666667	0.405	0.0509918947807721	0.0389985897180911	moa_A	drug_007	72	0.1	G00007	cellline_BA	CL00011	26	tissue_x
1	0.462833333333333	0.421066666666667	0.0398339469966677	0.0312692074305271	moa_A	drug_007	72	0.1	G00007	cellline_BA	CL00011	26	tissue_x
3.16227766016838	0.379233333333333	0.357633333333333	0.0315824845972152	0.0229216782398962	moa_A	drug_007	72	0.1	G00007	cellline_BA	CL00011	26	tissue_x
10	0.453466666666667	0.413433333333333	0.0287153849588219	0.0228500182348578	moa_A	drug_007	72	0.1	G00007	cellline_BA	CL00011	26	tissue_x
0.001	0.979466666666667	0.975666666666667	0.0213657046065263	0.0253606650806585	moa_A	drug_007	72	0.1	G00007	cellline_CA	CL00012	30	tissue_x
0.00316227766016838	0.978133333333333	0.974333333333333	0.0381487002836707	0.0454341648248686	moa_A	drug_007	72	0.1	G00007	cellline_CA	CL00012	30	tissue_x
0.01	0.941533333333333	0.931733333333333	0.0395072567173846	0.0456203171112755	moa_A	drug_007	72	0.1	G00007	cellline_CA	CL00012	30	tissue_x
0.0316227766016838	0.798866666666667	0.775433333333333	0.0144945966944009	0.0149433374228561	moa_A	drug_007	72	0.1	G00007	cellline_CA	CL00012	30	tissue_x
0.1	0.781666666666667	0.758166666666667	0.0407227618578766	0.0414391521792294	moa_A	drug_007	72	0.1	G00007	cellline_CA	CL00012	30	tissue_x
0.316227766016838	0.807166666666667	0.7841	0.0183233002849741	0.0189649677036371	moa_A	drug_007	72	0.1	G00007	cellline_CA	CL00012	30	tissue_x
1	0.7911	0.767466666666667	0.019629569531704	0.0202628560013966	moa_A	drug_007	72	0.1	G00007	cellline_CA	CL00012	30	tissue_x
3.16227766016838	0.7482	0.724133333333333	0.0232716565804843	0.0232392627536532	moa_A	drug_007	72	0.1	G00007	cellline_CA	CL00012	30	tissue_x
10	0.753766666666667	0.7298	0.028360771028541	0.0284954382314082	moa_A	drug_007	72	0.1	G00007	cellline_CA	CL00012	30	tissue_x
0.001	0.9745	0.973633333333333	0.0479027139105917	0.0503847529847407	moa_A	drug_007	72	0.1	G00007	cellline_DA	CL00013	34	tissue_x
0.00316227766016838	0.945333333333333	0.943133333333333	0.0273061043236368	0.0280022022943435	moa_A	drug_007	72	0.1	G00007	cellline_DA	CL00013	34	tissue_x
0.01	0.711433333333333	0.719066666666667	0.0225710729327016	0.0200562542199019	moa_A	drug_007	72	0.1	G00007	cellline_DA	CL00013	34	tissue_x
0.0316227766016838	0.620366666666667	0.640533333333333	0.03110648378286	0.0258907963055085	moa_A	drug_007	72	0.1	G00007	cellline_DA	CL00013	34	tissue_x
0.1	0.632233333333333	0.650733333333333	0.0473752396651809	0.0397815702723426	moa_A	drug_007	72	0.1	G00007	cellline_DA	CL00013	34	tissue_x
0.316227766016838	0.6258	0.6452	0.0401600547808391	0.0339663068348621	moa_A	drug_007	72	0.1	G00007	cellline_DA	CL00013	34	tissue_x
1	0.636766666666667	0.654433333333333	0.0407010237381485	0.0342091118466021	moa_A	drug_007	72	0.1	G00007	cellline_DA	CL00013	34	tissue_x
3.16227766016838	0.576166666666667	0.603933333333333	0.00707766439818487	0.00577263660153084	moa_A	drug_007	72	0.1	G00007	cellline_DA	CL00013	34	tissue_x
10	0.649033333333333	0.664733333333333	0.029526315945836	0.0251319186162405	moa_A	drug_007	72	0.1	G00007	cellline_DA	CL00013	34	tissue_x
0.001	1.0302	1.02893333333333	0.0278662878762136	0.0268407029217442	moa_A	drug_007	72	0.1	G00007	cellline_EA	CL00014	38	tissue_x
0.00316227766016838	0.9848	0.986	0.0495729765093847	0.0467834372401173	moa_A	drug_007	72	0.1	G00007	cellline_EA	CL00014	38	tissue_x
0.01	0.904733333333333	0.911966666666667	0.0458153176714223	0.0416816906247016	moa_A	drug_007	72	0.1	G00007	cellline_EA	CL00014	38	tissue_x
0.0316227766016838	0.7112	0.744233333333333	0.0182482875908946	0.0150918300193626	moa_A	drug_007	72	0.1	G00007	cellline_EA	CL00014	38	tissue_x
0.1	0.7097	0.743133333333333	0.0350589503550805	0.0289610658183247	moa_A	drug_007	72	0.1	G00007	cellline_EA	CL00014	38	tissue_x
0.316227766016838	0.703766666666667	0.738633333333333	0.0629882793330103	0.0512730273470695	moa_A	drug_007	72	0.1	G00007	cellline_EA	CL00014	38	tissue_x
1	0.6915	0.728466666666667	0.0561267315991231	0.0460211183407502	moa_A	drug_007	72	0.1	G00007	cellline_EA	CL00014	38	tissue_x
3.16227766016838	0.72	0.751833333333333	0.0516500726040148	0.0424077037026687	moa_A	drug_007	72	0.1	G00007	cellline_EA	CL00014	38	tissue_x
10	0.687466666666667	0.724733333333333	0.0102011437267266	0.0083188540877535	moa_A	drug_007	72	0.1	G00007	cellline_EA	CL00014	38	tissue_x
0.001	0.942433333333333	0.951333333333333	0.0383046124289665	0.0322521833886224	moa_A	drug_007	72	0.1	G00007	cellline_FA	CL00015	42	tissue_x
0.00316227766016838	0.630366666666667	0.704533333333333	0.0215226237557909	0.0159581744987744	moa_A	drug_007	72	0.1	G00007	cellline_FA	CL00015	42	tissue_x
0.01	0.377166666666667	0.5275	0.00526244556583091	0.0034698703145795	moa_A	drug_007	72	0.1	G00007	cellline_FA	CL00015	42	tissue_x
0.0316227766016838	0.236266666666667	0.438633333333333	0.0454249197394264	0.0275104222674486	moa_A	drug_007	72	0.1	G00007	cellline_FA	CL00015	42	tissue_x
0.1	0.2347	0.438033333333333	0.0722334410089953	0.0444022897307485	moa_A	drug_007	72	0.1	G00007	cellline_FA	CL00015	42	tissue_x
0.316227766016838	0.2774	0.463833333333333	0.034948962788615	0.0218415506165046	moa_A	drug_007	72	0.1	G00007	cellline_FA	CL00015	42	tissue_x
1	0.275066666666667	0.462766666666667	0.0662066713657569	0.0407903583378883	moa_A	drug_007	72	0.1	G00007	cellline_FA	CL00015	42	tissue_x
3.16227766016838	0.2988	0.4771	0.0112529996001066	0.00710211236182588	moa_A	drug_007	72	0.1	G00007	cellline_FA	CL00015	42	tissue_x
10	0.2736	0.462166666666667	0.0851346580424212	0.0526101067603301	moa_A	drug_007	72	0.1	G00007	cellline_FA	CL00015	42	tissue_x
0.001	0.897033333333333	0.9209	0.0626515229929276	0.0475992647002031	moa_A	drug_007	72	0.1	G00007	cellline_GB	CL00016	46	tissue_y
0.00316227766016838	0.464866666666667	0.6144	0.0459602364368737	0.0303006600588172	moa_A	drug_007	72	0.1	G00007	cellline_GB	CL00016	46	tissue_y
0.01	-0.283333333333333	0.2013	0.0775746307328197	0.0345512662575484	moa_A	drug_007	72	0.1	G00007	cellline_GB	CL00016	46	tissue_y
0.0316227766016838	-0.578033333333333	0.0899333333333333	0.127042368260881	0.0405562983189212	moa_A	drug_007	72	0.1	G00007	cellline_GB	CL00016	46	tissue_y
0.1	-0.6899	0.0559666666666667	0.105311727741976	0.0269922828477573	moa_A	drug_007	72	0.1	G00007	cellline_GB	CL00016	46	tissue_y
0.316227766016838	-0.690966666666667	0.0569666666666667	0.135524622609079	0.0339837215933354	moa_A	drug_007	72	0.1	G00007	cellline_GB	CL00016	46	tissue_y
1	-0.6129	0.0802666666666667	0.155065405555204	0.0450929410588102	moa_A	drug_007	72	0.1	G00007	cellline_GB	CL00016	46	tissue_y
3.16227766016838	-0.6074	0.0789	0.0681871688809559	0.0215060456616273	moa_A	drug_007	72	0.1	G00007	cellline_GB	CL00016	46	tissue_y
10	-0.599266666666667	0.0816333333333333	0.0774622703858681	0.0251341069730622	moa_A	drug_007	72	0.1	G00007	cellline_GB	CL00016	46	tissue_y
0.001	0.6837	0.780466666666667	0.0171545912221773	0.0114657460870775	moa_A	drug_007	72	0.1	G00007	cellline_HB	CL00017	50	tissue_y
0.00316227766016838	0.033	0.3869	0.0945747852231238	0.0503313023872818	moa_A	drug_007	72	0.1	G00007	cellline_HB	CL00017	50	tissue_y
0.01	-0.541866666666667	0.121066666666667	0.102831188524364	0.038243212905473	moa_A	drug_007	72	0.1	G00007	cellline_HB	CL00017	50	tissue_y
0.0316227766016838	-0.7163	0.0637	0.148149822814609	0.0431945598426468	moa_A	drug_007	72	0.1	G00007	cellline_HB	CL00017	50	tissue_y
0.1	-0.7462	0.0545666666666667	0.137108679521028	0.0369500112764981	moa_A	drug_007	72	0.1	G00007	cellline_HB	CL00017	50	tissue_y
0.316227766016838	-0.732233333333333	0.0562	0.0759037109325581	0.0225239872136352	moa_A	drug_007	72	0.1	G00007	cellline_HB	CL00017	50	tissue_y
1	-0.6868	0.0719	0.129125559050097	0.0386252508082472	moa_A	drug_007	72	0.1	G00007	cellline_HB	CL00017	50	tissue_y
3.16227766016838	-0.639766666666667	0.0853333333333333	0.0659366615270544	0.0218470440410902	moa_A	drug_007	72	0.1	G00007	cellline_HB	CL00017	50	tissue_y
10	-0.839266666666667	0.0281	0.0875148177929505	0.0218748714281936	moa_A	drug_007	72	0.1	G00007	cellline_HB	CL00017	50	tissue_y
0.001	0.9824	0.976033333333333	0.0222432012084592	0.0304358889032887	moa_A	drug_008	72	0.1	G00008	cellline_BA	CL00011	26	tissue_x
0.00316227766016838	0.9839	0.978233333333333	0.0303835481798951	0.0413248512802325	moa_A	drug_008	72	0.1	G00008	cellline_BA	CL00011	26	tissue_x
0.01	0.776733333333333	0.7208	0.0270298600317008	0.0305044259083825	moa_A	drug_008	72	0.1	G00008	cellline_BA	CL00011	26	tissue_x
0.0316227766016838	0.599033333333333	0.538566666666667	0.0340514806334957	0.0313949571322105	moa_A	drug_008	72	0.1	G00008	cellline_BA	CL00011	26	tissue_x
0.1	0.581666666666667	0.522266666666667	0.0221509217264956	0.0202500205761212	moa_A	drug_008	72	0.1	G00008	cellline_BA	CL00011	26	tissue_x
0.316227766016838	0.582633333333333	0.523766666666667	0.0474986666479527	0.0429204302556875	moa_A	drug_008	72	0.1	G00008	cellline_BA	CL00011	26	tissue_x
1	0.527533333333333	0.474166666666667	0.00896902075665638	0.00769502003462848	moa_A	drug_008	72	0.1	G00008	cellline_BA	CL00011	26	tissue_x
3.16227766016838	0.5338	0.479833333333333	0.029361880048798	0.0256796287615949	moa_A	drug_008	72	0.1	G00008	cellline_BA	CL00011	26	tissue_x
10	0.539533333333333	0.4845	0.00515396287659634	0.00450333209967906	moa_A	drug_008	72	0.1	G00008	cellline_BA	CL00011	26	tissue_x
0.001	1.00576666666667	1.007	0.0184177450664659	0.0222168854702904	moa_A	drug_008	72	0.1	G00008	cellline_CA	CL00012	30	tissue_x
0.00316227766016838	0.982466666666667	0.9794	0.034958451529399	0.0412232943855776	moa_A	drug_008	72	0.1	G00008	cellline_CA	CL00012	30	tissue_x
0.01	0.805033333333333	0.7818	0.0122557469512606	0.0127573508221731	moa_A	drug_008	72	0.1	G00008	cellline_CA	CL00012	30	tissue_x
0.0316227766016838	0.6216	0.605	0.0453196425405143	0.0403969058221048	moa_A	drug_008	72	0.1	G00008	cellline_CA	CL00012	30	tissue_x
0.1	0.581433333333333	0.569266666666667	0.0180810213575819	0.0157118850980185	moa_A	drug_008	72	0.1	G00008	cellline_CA	CL00012	30	tissue_x
0.316227766016838	0.605233333333333	0.590333333333333	0.038522244655956	0.034276279455818	moa_A	drug_008	72	0.1	G00008	cellline_CA	CL00012	30	tissue_x
1	0.5837	0.571266666666667	0.0202977831301843	0.0176228071921966	moa_A	drug_008	72	0.1	G00008	cellline_CA	CL00012	30	tissue_x
3.16227766016838	0.6011	0.586566666666667	0.033128386619333	0.0293039815269757	moa_A	drug_008	72	0.1	G00008	cellline_CA	CL00012	30	tissue_x
10	0.564	0.554333333333333	0.0176320730488505	0.0150838766016344	moa_A	drug_008	72	0.1	G00008	cellline_CA	CL00012	30	tissue_x
0.001	0.9964	0.996466666666667	0.0371	0.0392006802662063	moa_A	drug_008	72	0.1	G00008	cellline_DA	CL00013	34	tissue_x
0.00316227766016838	1.0041	1.00433333333333	0.00403608721412213	0.00428524600616278	moa_A	drug_008	72	0.1	G00008	cellline_DA	CL00013	34	tissue_x
0.01	0.979233333333333	0.978566666666667	0.0453541986296014	0.0478366317097403	moa_A	drug_008	72	0.1	G00008	cellline_DA	CL00013	34	tissue_x
0.0316227766016838	0.927	0.924266666666667	0.00441701256507145	0.00453247540901586	moa_A	drug_008	72	0.1	G00008	cellline_DA	CL00013	34	tissue_x
0.1	0.882766666666667	0.8801	0.0297767246911632	0.0294860984194247	moa_A	drug_008	72	0.1	G00008	cellline_DA	CL00013	34	tissue_x
0.316227766016838	0.886733333333333	0.8841	0.0334060373784939	0.0333483133006753	moa_A	drug_008	72	0.1	G00008	cellline_DA	CL00013	34	tissue_x
1	0.893066666666667	0.890366666666667	0.0332465537061111	0.0331688608989415	moa_A	drug_008	72	0.1	G00008	cellline_DA	CL00013	34	tissue_x
3.16227766016838	0.897166666666667	0.894533333333333	0.0371248344552988	0.0371603731592315	moa_A	drug_008	72	0.1	G00008	cellline_DA	CL00013	34	tissue_x
10	0.903633333333333	0.900966666666667	0.0348184338150545	0.0346846267578783	moa_A	drug_008	72	0.1	G00008	cellline_DA	CL00013	34	tissue_x
0.001	1.0457	1.0437	0.0028999999999999	0.00280000000000002	moa_A	drug_008	72	0.1	G00008	cellline_EA	CL00014	38	tissue_x
0.00316227766016838	1.02753333333333	1.02626666666667	0.0179536440126602	0.0171980619063119	moa_A	drug_008	72	0.1	G00008	cellline_EA	CL00014	38	tissue_x
0.01	1.02153333333333	1.0205	0.00695868761573133	0.00667008245826095	moa_A	drug_008	72	0.1	G00008	cellline_EA	CL00014	38	tissue_x
0.0316227766016838	0.99	0.990666666666667	0.0291463548321226	0.027470954357891	moa_A	drug_008	72	0.1	G00008	cellline_EA	CL00014	38	tissue_x
0.1	0.913666666666667	0.919933333333333	0.0313634075529642	0.02866170499697	moa_A	drug_008	72	0.1	G00008	cellline_EA	CL00014	38	tissue_x
0.316227766016838	0.885633333333333	0.894466666666667	0.0172291419790231	0.0155429512427123	moa_A	drug_008	72	0.1	G00008	cellline_EA	CL00014	38	tissue_x
1	0.912233333333333	0.918733333333333	0.0427130347005845	0.0390703638751079	moa_A	drug_008	72	0.1	G00008	cellline_EA	CL00014	38	tissue_x
3.16227766016838	0.908633333333333	0.915233333333333	0.0171552712987388	0.0156158039605181	moa_A	drug_008	72	0.1	G00008	cellline_EA	CL00014	38	tissue_x
10	0.9016	0.909033333333333	0.0391627373915563	0.0352932477016969	moa_A	drug_008	72	0.1	G00008	cellline_EA	CL00014	38	tissue_x
0.001	1.03983333333333	1.03443333333333	0.0243335844735898	0.0211197380034254	moa_A	drug_008	72	0.1	G00008	cellline_FA	CL00015	42	tissue_x
0.00316227766016838	0.9835	0.985933333333333	0.015116547224813	0.0129136878285535	moa_A	drug_008	72	0.1	G00008	cellline_FA	CL00015	42	tissue_x
0.01	0.6933	0.7518	0.0254611468712626	0.0194007731804688	moa_A	drug_008	72	0.1	G00008	cellline_FA	CL00015	42	tissue_x
0.0316227766016838	0.426833333333333	0.560733333333333	0.04313169754755	0.0289113011352539	moa_A	drug_008	72	0.1	G00008	cellline_FA	CL00015	42	tissue_x
0.1	0.4806	0.597233333333333	0.0108512672071054	0.00752218939759781	moa_A	drug_008	72	0.1	G00008	cellline_FA	CL00015	42	tissue_x
0.316227766016838	0.463633333333333	0.585533333333333	0.0113957594452205	0.00778609872357997	moa_A	drug_008	72	0.1	G00008	cellline_FA	CL00015	42	tissue_x
1	0.368533333333333	0.521833333333333	0.00378989885529068	0.00247857485933618	moa_A	drug_008	72	0.1	G00008	cellline_FA	CL00015	42	tissue_x
3.16227766016838	0.4125	0.551066666666667	0.0395864875936222	0.0263841492819711	moa_A	drug_008	72	0.1	G00008	cellline_FA	CL00015	42	tissue_x
10	0.425866666666667	0.560233333333333	0.0577749368959702	0.0391761832410118	moa_A	drug_008	72	0.1	G00008	cellline_FA	CL00015	42	tissue_x
0.001	1.0105	1.00826666666667	0.0242223037715242	0.0189742808383699	moa_A	drug_008	72	0.1	G00008	cellline_GB	CL00016	46	tissue_y
0.00316227766016838	0.8839	0.910666666666667	0.0228514769763356	0.017319449567851	moa_A	drug_008	72	0.1	G00008	cellline_GB	CL00016	46	tissue_y
0.01	0.181466666666667	0.439166666666667	0.0687238192574694	0.0397896133850699	moa_A	drug_008	72	0.1	G00008	cellline_GB	CL00016	46	tissue_y
0.0316227766016838	-0.692833333333333	0.058	0.171589927831832	0.0503162995459722	moa_A	drug_008	72	0.1	G00008	cellline_GB	CL00016	46	tissue_y
0.1	-0.8392	0.0214	0.0980605425234839	0.0199276190248609	moa_A	drug_008	72	0.1	G00008	cellline_GB	CL00016	46	tissue_y
0.316227766016838	-0.770233333333333	0.0366	0.123340355655938	0.0305432480263642	moa_A	drug_008	72	0.1	G00008	cellline_GB	CL00016	46	tissue_y
1	-0.623866666666667	0.0732666666666667	0.0297787396196235	0.00899851839656581	moa_A	drug_008	72	0.1	G00008	cellline_GB	CL00016	46	tissue_y
3.16227766016838	-0.6985	0.0523	0.0584320973438401	0.0158786019535726	moa_A	drug_008	72	0.1	G00008	cellline_GB	CL00016	46	tissue_y
10	-0.825133333333333	0.0239666666666667	0.0960071004318604	0.0202692706660435	moa_A	drug_008	72	0.1	G00008	cellline_GB	CL00016	46	tissue_y
0.001	0.934133333333333	0.952966666666667	0.0230989898769044	0.0163653088370899	moa_A	drug_008	72	0.1	G00008	cellline_HB	CL00017	50	tissue_y
0.00316227766016838	0.372933333333333	0.5821	0.0723758477209996	0.0441745401787048	moa_A	drug_008	72	0.1	G00008	cellline_HB	CL00017	50	tissue_y
0.01	-0.435033333333333	0.162666666666667	0.0805109516359938	0.0332000502007653	moa_A	drug_008	72	0.1	G00008	cellline_HB	CL00017	50	tissue_y
0.0316227766016838	-0.772233333333333	0.0483	0.151515587756948	0.0382058895983329	moa_A	drug_008	72	0.1	G00008	cellline_HB	CL00017	50	tissue_y
0.1	-0.775533333333333	0.0429	0.0136917249948038	0.0037589892258425	moa_A	drug_008	72	0.1	G00008	cellline_HB	CL00017	50	tissue_y
0.316227766016838	-0.929233333333333	0.00833333333333333	0.0245043533547273	0.00416333199893227	moa_A	drug_008	72	0.1	G00008	cellline_HB	CL00017	50	tissue_y
1	-0.755333333333333	0.0495	0.0752131194229659	0.0217418950416011	moa_A	drug_008	72	0.1	G00008	cellline_HB	CL00017	50	tissue_y
3.16227766016838	-0.898433333333333	0.0137333333333333	0.0128336796490069	0.0024704925284917	moa_A	drug_008	72	0.1	G00008	cellline_HB	CL00017	50	tissue_y
10	-0.8261	0.0330666666666667	0.126986889087023	0.0317397752565032	moa_A	drug_008	72	0.1	G00008	cellline_HB	CL00017	50	tissue_y
