RV_mean	RV_AOC	RV_AOC_range	ic50	e_max	ec50	e_inf	e_0	h_RV	RV_r2	RV_sd_avg	fit_type_RV	mean_GR	GR_AOC	GR_AOC_range	GR50	GR_max	GEC50	GR_inf	GR_0	h_GR	GR_r2	GR_sd_avg	flat_fit_GR	maxlog10Concentration	N_conc	Gnumber	DrugName	Duration	gcsi_moa	E2	clid	CellLineName	Tissue	ReferenceDivisionTime
0.694547520897025	0.305452479102975	0.345031327595781	Inf	0.644533333333333	0.00359551723373183	0.644842314764721	0.986084866429544	2.08547593379461	0.997560500559604	0.032423622603062	DRC4pHillFitModel	0.749703111020229	0.250296888979771	0.283999068099106	Inf	0.7062	0.00383108460821003	0.706605537729764	0.989881947621387	2.07806211015165	0.996886581483838	0.0294678117029255	DRC4pHillFitModel	1	9	G00002	drug_002	72	moa_A	0.1	CL00011	cellline_BA	tissue_x	26
0.86354191172967	0.13645808827033	0.160459702942513	Inf	0.818833333333333	0.0138029651108792	0.813046947464107	0.988912884743586	5	0.980150288751963	0.0277531508255589	DRC4pHillFitModel	0.879502572310938	0.120497427689062	0.14173471487338	Inf	0.8401	0.0139663292542753	0.834490174864884	0.990573628626209	5	0.978017015852451	0.0252283861223329	DRC4pHillFitModel	1	9	G00002	drug_002	72	moa_A	0.1	CL00012	cellline_CA	tissue_x	30
0.893620637961775	0.106379362038225	0.123072611797797	Inf	0.800533333333333	0.0383713980878319	0.827298549518469	0.994343316979969	3.21413969491954	0.955975171039545	0.0199969332616016	DRC4pHillFitModel	0.894701421651322	0.105298578348678	0.12179399340484	Inf	0.800433333333333	0.0390333576418204	0.828456084716137	0.994538397706006	3.19731490931953	0.954742747283241	0.0202360815458114	DRC4pHillFitModel	1	9	G00002	drug_002	72	moa_A	0.1	CL00013	cellline_DA	tissue_x	34
0.979296296296296	0.0207037037037037	0.0207037037037037	Inf	0.9533	0	0.979296296296296	0.979296296296296	0.0001	0.535660116181902	0.0263193335936669	DRCConstantFitResult	0.97777037037037	0.0222296296296296	0.0222296296296296	Inf	0.950066666666667	0	0.97777037037037	0.97777037037037	0.0001	0.534072364996208	0.0279887140086969	DRCConstantFitResult	1	9	G00002	drug_002	72	moa_A	0.1	CL00014	cellline_EA	tissue_x	38
0.57903681773429	0.42096318226571	0.481084694699786	Inf	0.490466666666667	0.00412837596828012	0.502446613691707	0.983634005321845	2.23196475615872	0.997098003686463	0.0288686984032387	DRC4pHillFitModel	0.444658312767082	0.555341687232918	0.637199335638426	0.00717893337334217	0.319133333333333	0.00439630014052858	0.338165089263513	0.980721545955812	2.22010437636744	0.996149859116398	0.0425875440511184	DRC4pHillFitModel	1	9	G00002	drug_002	72	moa_A	0.1	CL00015	cellline_FA	tissue_x	42
0.187818938821436	0.812181061178564	0.932961464488933	0.00418844520738031	0.0459	0.00411739116789027	0.0386403206855791	0.981147534850766	2.45449343097015	0.999327446550693	0.0285093509718882	DRC4pHillFitModel	-0.447157520719867	1.44715752071987	1.67881687260255	0.00330164638235088	-0.725766666666667	0.00505439348249295	-0.760885740923571	0.980150273677045	2.26723246812686	0.996669137260063	0.0944232142881359	DRC4pHillFitModel	1	9	G00002	drug_002	72	moa_A	0.1	CL00016	cellline_GB	tissue_y	46
0.528784709102457	0.471215290897543	0.55315052508215	0.0355972457289946	0.251066666666667	0.025384562842642	0.274304114040416	0.995951486879579	2.32838419615963	0.998330497859586	0.0251112069737531	DRC4pHillFitModel	0.240587019156847	0.759412980843153	0.889950367916615	0.0239898777743708	-0.2343	0.0276228792700663	-0.185703635084075	0.992814603591649	2.3424355223707	0.997540727843	0.0451251016353803	DRC4pHillFitModel	1	9	G00002	drug_002	72	moa_A	0.1	CL00017	cellline_HB	tissue_y	50
0.543740943004527	0.456259056995473	0.517047427731997	0.0133575531000332	0.4664	0.00373180125391197	0.466826271713345	0.98177462553777	2.09828820401513	0.997255158458711	0.0505997798641704	DRC4pHillFitModel	0.592958162732567	0.407041837267433	0.464636354509701	Inf	0.516666666666667	0.00416295161520127	0.517519685976701	0.987120960748932	2.07634482881584	0.995679856398105	0.0549365038488575	DRC4pHillFitModel	1	9	G00002	drug_002	72	moa_A	0	CL00011	cellline_BA	tissue_x	26
0.804900651219577	0.195099348780423	0.229592381743683	Inf	0.7405	0.0140457243891844	0.731530826451657	0.985409073596184	5	0.978285361390669	0.0403137695308809	DRC4pHillFitModel	0.822658621577517	0.177341378422483	0.208788773678865	Inf	0.7645	0.0142913431993907	0.755032239940182	0.987537406697813	5	0.974500823507293	0.0384763666395892	DRC4pHillFitModel	1	9	G00002	drug_002	72	moa_A	0	CL00012	cellline_CA	tissue_x	30
0.849145288649346	0.150854711350654	0.174428215874123	Inf	0.713866666666667	0.0394294749839308	0.753873050022043	0.992079904094049	3.21010206046659	0.956005189623182	0.0285777991145293	DRC4pHillFitModel	0.847277341855211	0.152722658144789	0.176535498007515	Inf	0.7054	0.0404180268232612	0.749523155998758	0.992319631663927	3.19623611807661	0.95313051876025	0.0301111385410433	DRC4pHillFitModel	1	9	G00002	drug_002	72	moa_A	0	CL00013	cellline_DA	tissue_x	34
0.971351851851852	0.0286481481481482	0.0286481481481482	Inf	0.936266666666667	0	0.971351851851852	0.971351851851852	0.0001	0.53392957251358	0.035160804589212	DRCConstantFitResult	0.969077777777778	0.0309222222222222	0.0309222222222222	Inf	0.931533333333333	0	0.969077777777778	0.969077777777778	0.0001	0.532206941864329	0.0375553431400761	DRCConstantFitResult	1	9	G00002	drug_002	72	moa_A	0	CL00014	cellline_EA	tissue_x	38
0.356089925096669	0.643910074903331	0.738455150393777	0.00558668530855878	0.214233333333333	0.00430382157434007	0.234568119409239	0.978230383105491	2.25670072462461	0.996697549625891	0.0451330357537008	DRC4pHillFitModel	0.0530059825167216	0.946994017483278	1.09376424956435	0.00426410612001719	-0.193333333333333	0.00490073780800561	-0.145455478965955	0.975053084635002	2.20282176288207	0.993303494441402	0.0876318945738047	DRC4pHillFitModel	1	9	G00002	drug_002	72	moa_A	0	CL00015	cellline_FA	tissue_x	42
0.130703954967068	0.869296045032932	0.98724413320095	0.00313621189509069	0.0100333333333333	0.00320489097653097	0.00954220404459808	0.940111106940484	5	0.99998974002886	0.0106944917299609	DRC4pHillFitModel	-0.638891386034987	1.63889138603499	1.88507621418621	0.00278434877247931	-0.8943	0.00355573033017388	-0.895745973133793	0.921358464076605	4.89763921445582	0.9999687923571	0.016644556515908	DRC4pHillFitModel	1	9	G00002	drug_002	72	moa_A	0	CL00016	cellline_GB	tissue_y	46
0.343319601963461	0.656680398036539	0.772675726624523	0.0228968558058573	0.0101333333333333	0.0229115287201196	0.00630138660943279	0.992867997912712	2.62846555628411	0.999610525028141	0.0145565659371222	DRC4pHillFitModel	-0.236025134798741	1.23602513479874	1.44772095267704	0.0186813859545811	-0.917533333333333	0.0279143716445333	-0.928334711279621	0.979733146524813	2.71662437613869	0.999346915892756	0.0219399896303838	DRC4pHillFitModel	1	9	G00002	drug_002	72	moa_A	0	CL00017	cellline_HB	tissue_y	50
0.806996692915417	0.193003307084583	0.226579904453097	Inf	0.732666666666667	0.00633087220146941	0.754575350293728	1.01054512305606	1.91957388114924	0.97999463514391	0.0279978719822292	DRC4pHillFitModel	0.848468810816416	0.151531189183584	0.177774211381744	Inf	0.787366666666667	0.00652619111990063	0.805769211356196	1.01050012964141	1.77466867084095	0.976831044383889	0.0230806066517154	DRC4pHillFitModel	1	9	G00003	drug_003	72	moa_A	0.1	CL00011	cellline_BA	tissue_x	26
0.949158612616525	0.0508413873834745	0.059703921535193	Inf	0.926333333333333	0.0265295333214488	0.919629595843081	1.00217296461208	1.55824316445744	0.857646510493561	0.026305195937031	DRC4pHillFitModel	0.956482109033003	0.0435178909669974	0.0510503193705815	Inf	0.9372	0.0271406711778947	0.930742092764005	1.0021746784865	1.46370826281119	0.854265618972275	0.0226490834010535	DRC4pHillFitModel	1	9	G00003	drug_003	72	moa_A	0.1	CL00012	cellline_CA	tissue_x	30
0.895617151338414	0.104382848661586	0.124066251745679	Inf	0.826466666666667	0.0240886092040298	0.832948864798054	1.01327697226204	1.50692474329532	0.975473758881455	0.0243073134557179	DRC4pHillFitModel	0.896872454178524	0.103127545821476	0.122391189819521	Inf	0.827466666666667	0.0249825490476393	0.833953625063891	1.01295683608357	1.46752495326634	0.972735277843082	0.0246023231979048	DRC4pHillFitModel	1	9	G00003	drug_003	72	moa_A	0.1	CL00013	cellline_DA	tissue_x	34
0.835594130539557	0.164405869460443	0.198616064268418	Inf	0.737133333333333	0.0188275545172272	0.746501220649185	1.02445132602068	2.3447898857202	0.990713873330704	0.0225830433912616	DRC4pHillFitModel	0.814784636080113	0.185215363919887	0.223241512278699	Inf	0.702633333333333	0.019477182123731	0.713808917560777	1.02529141085009	2.35360787766819	0.989602860392386	0.0258857556063755	DRC4pHillFitModel	1	9	G00003	drug_003	72	moa_A	0.1	CL00014	cellline_EA	tissue_x	38
0.761448955123582	0.238551044876418	0.270304687368427	Inf	0.7245	0.00451069939237503	0.724352720774435	0.946439439122811	3.46214369802498	0.983440358007458	0.0320607267696324	DRC4pHillFitModel	0.704062483743791	0.295937516256209	0.336142177040977	Inf	0.656866666666667	0.00457952896557578	0.65679584049172	0.937042461072388	3.44145412354009	0.981671308653312	0.0424087466985023	DRC4pHillFitModel	1	9	G00003	drug_003	72	moa_A	0.1	CL00015	cellline_FA	tissue_x	42
0.24116049840119	0.75883950159881	0.893584242406339	0.006827187961246	0.0382666666666667	0.00648098453044981	0.0390072066642746	1.01791908975885	2.23742589295522	0.999091261092311	0.0219069645376266	DRC4pHillFitModel	-0.34591528014824	1.34591528014824	1.58868707535612	0.00533600881324855	-0.7577	0.00811595645286531	-0.757925939661705	1.02836549463794	2.06849367444738	0.995432704998379	0.0658464875266022	DRC4pHillFitModel	1	9	G00003	drug_003	72	moa_A	0.1	CL00016	cellline_GB	tissue_y	46
0.56160786733912	0.43839213266088	0.519157288777171	0.0377871536550014	0.308366666666667	0.0242762609349286	0.317524085580825	1.01923906959825	2.36342726388201	0.998602235993167	0.0294252057202882	DRC4pHillFitModel	0.301402275255558	0.698597724744442	0.825000109082997	0.0248556773047973	-0.118	0.0262682513574824	-0.0986573477018242	1.02412731050553	2.40533959497889	0.998186571167657	0.0534738370610845	DRC4pHillFitModel	1	9	G00003	drug_003	72	moa_A	0.1	CL00017	cellline_HB	tissue_y	50
0.718684631490793	0.281315368509207	0.330309377226485	Inf	0.606266666666667	0.006526561235861	0.640045949979054	1.01760404679293	1.83942943366317	0.978008227480753	0.0417796457298488	DRC4pHillFitModel	0.768649086420651	0.231350913579349	0.271056846359336	Inf	0.668866666666667	0.00684050685804299	0.699255369423202	1.02237914877474	1.56195015380569	0.972585028458847	0.0375123680095011	DRC4pHillFitModel	1	9	G00003	drug_003	72	moa_A	0	CL00011	cellline_BA	tissue_x	26
0.930188619549068	0.0698113804509324	0.0818790282632876	Inf	0.899266666666667	0.0274587092043879	0.888362740902739	1.00400083938974	1.41440073116635	0.851652752072452	0.0365676494646017	DRC4pHillFitModel	0.939562968383344	0.0604370316166563	0.0707800835295699	Inf	0.913333333333333	0.0283495952337601	0.902612139068348	1.00376308060742	1.34215811073659	0.846605420242419	0.0319372159460582	DRC4pHillFitModel	1	9	G00003	drug_003	72	moa_A	0	CL00012	cellline_CA	tissue_x	30
0.852475028909022	0.147524971090978	0.174979408568248	Inf	0.752833333333333	0.0254165587813726	0.762066525368342	1.01795160715203	1.47418766935419	0.972757021260787	0.0345672042518534	DRC4pHillFitModel	0.851154559190388	0.148845440809612	0.176151544945669	Inf	0.748066666666667	0.02691418571557	0.757531928349849	1.01791212575398	1.41482091379848	0.968085374700844	0.0363829286352522	DRC4pHillFitModel	1	9	G00003	drug_003	72	moa_A	0	CL00013	cellline_DA	tissue_x	34
0.757437651428907	0.242562348571093	0.29193913993504	Inf	0.610933333333333	0.0197095203187834	0.625567797231738	1.0307639794581	2.39244672221678	0.989737740893294	0.0336559140152722	DRC4pHillFitModel	0.716560232950818	0.283439767049182	0.340037997515396	Inf	0.541933333333333	0.0207825945633783	0.56071351356512	1.03135030506357	2.41276942547837	0.987577577944849	0.0408163826877961	DRC4pHillFitModel	1	9	G00003	drug_003	72	moa_A	0	CL00014	cellline_EA	tissue_x	38
0.650260641696894	0.349739358303106	0.397765500771416	Inf	0.5941	0.00459145667055231	0.593855860391863	0.927748513747827	3.47472442258546	0.982205445903739	0.0496759793115355	DRC4pHillFitModel	0.549999754692753	0.450000245307247	0.513723237733118	0.0105799253687522	0.474633333333333	0.00472260067290351	0.474296938827017	0.914551418524144	3.44729888699064	0.978921812746017	0.0712077734910468	DRC4pHillFitModel	1	9	G00003	drug_003	72	moa_A	0	CL00015	cellline_FA	tissue_x	42
0.164993528693019	0.835006471306981	0.980957718163009	0.00414850690380404	0.0100333333333333	0.00412863669065601	0.00834979927725124	1.00359564737876	5	0.999904707441341	0.0103689010238014	DRC4pHillFitModel	-0.581884252454819	1.58188425245482	1.87013082486129	0.00366265912265969	-0.8943	0.0044884090631153	-0.89881017728108	1.0061498795117	5	0.999791309277923	0.0143046832874363	DRC4pHillFitModel	1	9	G00003	drug_003	72	moa_A	0	CL00016	cellline_GB	tissue_y	46
0.356403653637034	0.643596346362966	0.762163122503884	0.0241252599981386	0.0101333333333333	0.0235912595336252	0.00536187424763689	1.02360475132267	2.54256879095549	0.999431874102276	0.0120469574958916	DRC4pHillFitModel	-0.215365072908313	1.21536507290831	1.42919405910295	0.0198888956864351	-0.917533333333333	0.0289010663119177	-0.929631260552022	1.01889896994215	2.71184571168608	0.999114855605361	0.0183617501302496	DRC4pHillFitModel	1	9	G00003	drug_003	72	moa_A	0	CL00017	cellline_HB	tissue_y	50
0.71199955597719	0.28800044402281	0.344396016735519	Inf	0.568233333333333	0.0162008092429565	0.57892511072271	1.01615427347881	2.72047865262708	0.99556849228048	0.0258361539922296	DRC4pHillFitModel	0.756598058870626	0.243401941129374	0.290379632814057	Inf	0.630666666666667	0.0172919741761854	0.641387126521478	1.01140903736237	2.7229790632166	0.993713386496477	0.0240758248716861	DRC4pHillFitModel	1	9	G00004	drug_004	72	moa_A	0.1	CL00011	cellline_BA	tissue_x	26
0.755786705488736	0.244213294511264	0.284208871040456	Inf	0.606966666666667	0.0282625101039238	0.624503584596666	0.985011971328628	5	0.981405074762781	0.0184935662127425	DRC4pHillFitModel	0.769586363531031	0.230413636468969	0.268234552937054	Inf	0.624266666666667	0.0290349728203379	0.643354459410347	0.987254603621645	5	0.978380768596062	0.0177838440261252	DRC4pHillFitModel	1	9	G00004	drug_004	72	moa_A	0.1	CL00012	cellline_CA	tissue_x	30
0.68810997838731	0.31189002161269	0.364911159132907	Inf	0.585133333333333	0.00826363716064968	0.602368754340148	0.971777563953142	2.65563856052748	0.991942760303232	0.0262084559571127	DRC4pHillFitModel	0.668510642886026	0.331489357113974	0.388559700202589	Inf	0.552233333333333	0.00866929273118765	0.573807891557349	0.972988469788276	2.64566060609687	0.989651651693131	0.0300320023554236	DRC4pHillFitModel	1	9	G00004	drug_004	72	moa_A	0.1	CL00013	cellline_DA	tissue_x	34
0.927311138584282	0.0726888614157181	0.0882552999726198	Inf	0.878966666666667	0.0144253964100131	0.892666537362414	1.01134419271121	2.43866830077912	0.970923420481783	0.0262952028776827	DRC4pHillFitModel	0.921095929839379	0.0789040701606214	0.0956773905586407	Inf	0.8683	0.0146181006344484	0.883435188181838	1.01181602588524	2.41065183250176	0.96991914982486	0.028576590093419	DRC4pHillFitModel	1	9	G00004	drug_004	72	moa_A	0.1	CL00014	cellline_EA	tissue_x	38
0.650991526487877	0.349008473512123	0.411911301262007	Inf	0.549366666666667	0.00589388759204941	0.565620131244947	1.00147327399536	2.81149400935331	0.997213695812382	0.027711708842053	DRC4pHillFitModel	0.547726621055709	0.452273378944291	0.534466816094576	0.0126820882180477	0.410066666666667	0.0061591935881216	0.433913644294228	1.0013293389516	2.80555989359171	0.996535291669346	0.0391765259604704	DRC4pHillFitModel	1	9	G00004	drug_004	72	moa_A	0.1	CL00015	cellline_FA	tissue_x	42
0.498036953675247	0.501963046324753	0.591089489022828	0.0280095061019663	0.226633333333333	0.0215318662644572	0.248251593276059	0.994023271202304	2.5632200554488	0.99745300440992	0.0217021757768985	DRC4pHillFitModel	0.225149457805587	0.774850542194413	0.910680275086749	0.0209830047446306	-0.225266666666667	0.0238168500099498	-0.17908668867516	0.989989744517768	2.57627910423847	0.996500709059035	0.0347978258265019	DRC4pHillFitModel	1	9	G00004	drug_004	72	moa_A	0.1	CL00016	cellline_GB	tissue_y	46
0.561469153610403	0.438530846389597	0.516837985121581	0.0315726522638867	0.3101	0.0236589497063602	0.330962966616774	0.999002833248261	3.75149725407721	0.997366142227183	0.0232264274006025	DRC4pHillFitModel	0.302138121011583	0.697861878988417	0.821672938770988	0.0238604641943729	-0.113233333333333	0.0247671896617925	-0.0727210476908578	0.998398054446857	3.72684259288221	0.996246984030984	0.0392868526518134	DRC4pHillFitModel	1	9	G00004	drug_004	72	moa_A	0.1	CL00017	cellline_HB	tissue_y	50
0.563851518959586	0.436148481040414	0.520589595352817	0.027073589079099	0.342566666666667	0.0168728249565889	0.359976720166685	1.02035734955894	2.77613415731171	0.995052650336155	0.0400701565890157	DRC4pHillFitModel	0.5842771169649	0.4157228830351	0.494241811947949	0.0322331235853586	0.3577	0.0190359971323486	0.380535865550558	1.01388861360074	2.7702549840077	0.989914130500828	0.0480000110405806	DRC4pHillFitModel	1	9	G00004	drug_004	72	moa_A	0	CL00011	cellline_BA	tissue_x	26
0.634367103923391	0.365632896076609	0.425773754086125	0.0428390873009695	0.406833333333333	0.0287222490522492	0.434979417405321	0.97990987411405	5	0.980780846204399	0.0275636673342086	DRC4pHillFitModel	0.6237761677436	0.3762238322564	0.438240763856342	0.0423486470366857	0.374533333333333	0.0301297100621815	0.411990825611905	0.98278179406885	5	0.972539088537725	0.0301368684727336	DRC4pHillFitModel	1	9	G00004	drug_004	72	moa_A	0	CL00012	cellline_CA	tissue_x	30
0.532927641810969	0.467072358189031	0.547624891154751	0.0151089746343537	0.3726	0.00852768275024312	0.400793132392236	0.961958231536864	2.68941357150837	0.990830315480534	0.0394062549724199	DRC4pHillFitModel	0.459788216723097	0.540211783276903	0.635016557324335	0.0127009277850713	0.251866666666667	0.00929572496465281	0.296423684587762	0.963968176709294	2.63928577947303	0.985180357162105	0.0536003827529115	DRC4pHillFitModel	1	9	G00004	drug_004	72	moa_A	0	CL00013	cellline_DA	tissue_x	34
0.897310958812568	0.102689041187432	0.124300721447538	Inf	0.828566666666667	0.0148086744112192	0.848374102908952	1.01440415437482	2.38648240338042	0.969982739941102	0.0367869118065826	DRC4pHillFitModel	0.887190818037595	0.112809181962405	0.136332202987263	Inf	0.810933333333333	0.0150879443937764	0.833264660851853	1.01498088404817	2.34948769150526	0.968411374350416	0.0406235308054722	DRC4pHillFitModel	1	9	G00004	drug_004	72	moa_A	0	CL00014	cellline_EA	tissue_x	38
0.471007593909128	0.528992406090872	0.625417377322018	0.00909674230935699	0.3117	0.00610694255910092	0.338434719847539	1.00245444655142	2.84723678888365	0.996736445833009	0.0441171228162217	DRC4pHillFitModel	0.256778513378965	0.743221486621035	0.880364838586762	0.00695464699569239	0.0119666666666667	0.00663556816987305	0.0604491235487163	1.00187472762738	2.82327033777203	0.994908044799362	0.0752871427598645	DRC4pHillFitModel	1	9	G00004	drug_004	72	moa_A	0	CL00015	cellline_FA	tissue_x	42
0.320659438220126	0.679340561779874	0.803275256043361	0.0181991363721154	0.0100333333333333	0.0181779702902833	0.00920008692998378	0.992581873590578	3.11432567769626	0.999224678609963	0.0225590016183093	DRC4pHillFitModel	-0.259272534666025	1.25927253466602	1.48365782891271	0.0154905871849835	-0.8943	0.0223131589474018	-0.899022562432189	0.98949920324166	2.87755430830603	0.999560392490754	0.0382924845675227	DRC4pHillFitModel	1	9	G00004	drug_004	72	moa_A	0	CL00016	cellline_GB	tissue_y	46
0.348361341641698	0.651638658358302	0.768249083539933	0.0231979538948556	0.0101333333333333	0.0231081832283077	0.010157641062382	0.997566545382754	4.03522845555566	0.999916041797214	0.0168793223763365	DRC4pHillFitModel	-0.23448575828045	1.23448575828045	1.45115788481429	0.0201978749391733	-0.917533333333333	0.0264012539919073	-0.916645374756951	0.995034319964959	3.92563832399561	0.999913032590901	0.0269934659083423	DRC4pHillFitModel	1	9	G00004	drug_004	72	moa_A	0	CL00017	cellline_HB	tissue_y	50
0.870636231469161	0.129363768530839	0.148539764149835	Inf	0.789433333333333	0.0299615260700591	0.805377596862198	0.981544400039078	5	0.968047427286343	0.0277459967635671	DRC4pHillFitModel	0.900298031612361	0.0997019683876392	0.114546557263811	Inf	0.8361	0.0303722862501676	0.84935190397718	0.986340549351665	5	0.964207402042021	0.0216467063533255	DRC4pHillFitModel	1	9	G00005	drug_005	72	moa_A	0.1	CL00011	cellline_BA	tissue_x	26
0.928722385785235	0.0712776142147649	0.082651982334723	Inf	0.886433333333333	0.0174154352027455	0.901041235281459	0.98973090090126	5	0.866869894126715	0.0209416412299691	DRC4pHillFitModel	0.940251851851852	0.0597481481481481	0.0597481481481481	Inf	0.902	0	0.940251851851852	0.940251851851852	0.0001	0.623387775060499	0.0180353270730561	DRCConstantFitResult	1	9	G00005	drug_005	72	moa_A	0.1	CL00012	cellline_CA	tissue_x	30
0.658767187158967	0.341232812841033	0.40180583813855	Inf	0.547166666666667	0.00935980322073321	0.552300921491035	0.985890251583367	2.40620337055621	0.993505717039505	0.027926566649919	DRC4pHillFitModel	0.630614899578008	0.369385100421992	0.435439125517667	Inf	0.5043	0.00996959309097018	0.510494646299486	0.986576708356978	2.39577008444142	0.991218039061721	0.0333730319791911	DRC4pHillFitModel	1	9	G00005	drug_005	72	moa_A	0.1	CL00013	cellline_DA	tissue_x	34
0.789698836755756	0.210301163244244	0.243981748274999	Inf	0.739166666666667	0.00567125086425085	0.729723037457295	1.0313380676053	1.32305665624545	0.967090187835023	0.0237663570492272	DRC4pHillFitModel	0.762806799680622	0.237193200319378	0.275290000999904	Inf	0.704866666666667	0.00595049386156764	0.692834227923495	1.03548663116839	1.28850511905307	0.962567181643629	0.0278334157552172	DRC4pHillFitModel	1	9	G00005	drug_005	72	moa_A	0.1	CL00014	cellline_EA	tissue_x	38
0.498836909456277	0.501163090543723	0.557954769007234	0.00629386659119721	0.4172	0.00302384644703097	0.434881020027034	0.943012491779234	2.61563682312861	0.995587637980927	0.0265983340158249	DRC4pHillFitModel	0.322754728962845	0.677245271037155	0.758615305170772	0.00385831652788464	0.200666666666667	0.00321451991454297	0.22971742200104	0.93328589627469	2.58516676009106	0.993947067868772	0.0422065789994714	DRC4pHillFitModel	1	9	G00005	drug_005	72	moa_A	0.1	CL00015	cellline_FA	tissue_x	42
0.548030899699183	0.451969100300817	0.532146087041832	0.0320532643357629	0.3047	0.0231408249368267	0.314598012799942	0.995815020004312	3.01925891245805	0.998750201167343	0.0297641801255776	DRC4pHillFitModel	0.318430335330185	0.681569664669815	0.801501306487488	0.0239886867896846	-0.0647	0.0247946167653898	-0.0458023757292519	0.994593062744056	2.98150803445927	0.998166278636319	0.050481417800433	DRC4pHillFitModel	1	9	G00005	drug_005	72	moa_A	0.1	CL00016	cellline_GB	tissue_y	46
0.503594292608505	0.496405707391495	0.587455107457152	0.0245865935809592	0.242733333333333	0.018227574309741	0.272817125739706	1.00075438338507	2.64099815425211	0.996944713310844	0.0230622277814982	DRC4pHillFitModel	0.197347780012791	0.802652219987209	0.94873074029542	0.0173425525488872	-0.2519	0.0196067214766878	-0.189642919858097	1.00157800817162	2.59487161691972	0.99573294275243	0.0420832271065937	DRC4pHillFitModel	1	9	G00005	drug_005	72	moa_A	0.1	CL00017	cellline_HB	tissue_y	50
0.842568456921462	0.157431543078538	0.184092660023698	Inf	0.763	0.0251292976036602	0.761128223196486	0.992801914761313	3.76416576365383	0.996016985777361	0.0381420731720971	DRC4pHillFitModel	0.876578471995916	0.123421528004084	0.144237655387475	Inf	0.813366666666667	0.0258907205483739	0.811821561921061	0.994369744331391	3.86328347754108	0.995483428644763	0.0311088772675497	DRC4pHillFitModel	1	9	G00006	drug_006	72	moa_A	0.1	CL00011	cellline_BA	tissue_x	26
0.672422510698783	0.327577489301217	0.386024451032257	Inf	0.5453	0.0120047529582838	0.555149160101336	0.985970428883831	2.43835892232387	0.990461823288928	0.0271505184496844	DRC4pHillFitModel	0.683009049720886	0.316990950279114	0.373565842618797	Inf	0.552866666666667	0.0129733708766532	0.563791500231092	0.988715650811881	2.33640553576589	0.988641181880613	0.0285846575231743	DRC4pHillFitModel	1	9	G00006	drug_006	72	moa_A	0.1	CL00012	cellline_CA	tissue_x	30
0.966988888888889	0.0330111111111111	0.0330111111111111	Inf	0.945166666666667	0	0.966988888888889	0.966988888888889	0.0001	0.275773566403995	0.0265303321980012	DRCConstantFitResult	0.968311111111111	0.0316888888888889	0.0316888888888889	Inf	0.947366666666667	0	0.968311111111111	0.968311111111111	0.0001	0.268711879493458	0.0255548711356036	DRCConstantFitResult	1	9	G00006	drug_006	72	moa_A	0.1	CL00013	cellline_DA	tissue_x	34
0.901012795620456	0.0989872043795436	0.118467456746342	Inf	0.816166666666667	0.0335111766482083	0.829946242264799	1.01575441812258	5	0.976833495929531	0.0243823383027128	DRC4pHillFitModel	0.890643374032423	0.109356625967577	0.130661436586155	Inf	0.796666666666667	0.0338451266085616	0.81243899376749	1.01634120893117	5	0.976134984209804	0.0268771296943741	DRC4pHillFitModel	1	9	G00006	drug_006	72	moa_A	0.1	CL00014	cellline_EA	tissue_x	38
0.511849859952116	0.488150140047884	0.574244081476128	0.0135449018723599	0.350766666666667	0.00612893019766688	0.378148712640515	1.04150911295073	1.88092979904906	0.997927618692578	0.0287393226348259	DRC4pHillFitModel	0.328196384944114	0.671803615055886	0.791123081855801	0.00851191279740906	0.0853999999999999	0.00678619067485262	0.132432570006089	1.05373634219802	1.80857726136214	0.996899913238739	0.0460658661324158	DRC4pHillFitModel	1	9	G00006	drug_006	72	moa_A	0.1	CL00015	cellline_FA	tissue_x	42
0.398966000495858	0.601033999504142	0.710725302070473	0.0166439289972781	0.144966666666667	0.0142913819570413	0.155098208145637	0.993306543740565	2.34840741546081	0.996907112221893	0.0206590193938979	DRC4pHillFitModel	0.0569666666666667	0.943033333333333	0.943033333333333	-Inf	-0.419266666666667	0	0.0569666666666667	0.0569666666666667	0.0001	-0.0000272934879919084	0.0447889649457012	DRCConstantFitResult	1	9	G00006	drug_006	72	moa_A	0.1	CL00016	cellline_GB	tissue_y	46
0.434584804991536	0.565415195008464	0.672007246897769	0.0163924942967128	0.189466666666667	0.0130641582190032	0.210669376937649	1.00673892177472	2.469368373389	0.996818010981224	0.02680656050103	DRC4pHillFitModel	0.0646771661327741	0.935322833867226	1.11010907193489	0.0117551866952114	-0.3729	0.0143970332462715	-0.325311798364319	1.01151646268974	2.35972551377785	0.994832782041174	0.0500772000255544	DRC4pHillFitModel	1	9	G00006	drug_006	72	moa_A	0.1	CL00017	cellline_HB	tissue_y	50
0.515553759424879	0.484446240575121	0.564511794804782	0.0137433524575073	0.357633333333333	0.00631417214765312	0.391615212546303	0.998023790130003	1.96071134962393	0.992085435594666	0.0307717056326887	DRC4pHillFitModel	0.551090768604482	0.448909231395518	0.525594518458335	0.0190144338212257	0.379233333333333	0.00746108132366852	0.424808221853281	0.994070009694151	2.01244183376879	0.985644240941677	0.0352959232418774	DRC4pHillFitModel	1	9	G00007	drug_007	72	moa_A	0.1	CL00011	cellline_BA	tissue_x	26
0.819796201099827	0.180203798900173	0.209396676731684	Inf	0.724133333333333	0.0157481426644573	0.752498965472181	0.975854744837182	3.07825327069604	0.970691326869757	0.029306684589887	DRC4pHillFitModel	0.837991287953516	0.162008712046484	0.188420164901299	Inf	0.7482	0.01615601921541	0.776138798761657	0.979567876466099	3.05282542593274	0.966008091829548	0.0270915908428403	DRC4pHillFitModel	1	9	G00007	drug_007	72	moa_A	0.1	CL00012	cellline_CA	tissue_x	30
0.712281848883456	0.287718151116544	0.336708618315875	Inf	0.603933333333333	0.00670478013442632	0.642819450245246	0.974232426143286	3.04245562023506	0.985345357861696	0.0292439499973414	DRC4pHillFitModel	0.698158796557231	0.301841203442769	0.353919444159956	Inf	0.576166666666667	0.0069795154171875	0.622874362105217	0.974837753664869	3.05552618311597	0.981611900891696	0.0326362970531088	DRC4pHillFitModel	1	9	G00007	drug_007	72	moa_A	0.1	CL00013	cellline_DA	tissue_x	34
0.810875374084781	0.189124625915219	0.227220978125732	Inf	0.724733333333333	0.0119670466528256	0.735969578299564	1.01155632518285	2.8770609689133	0.98957566221464	0.034153270011388	DRC4pHillFitModel	0.786189295149891	0.213810704850109	0.256622553082474	Inf	0.687466666666667	0.0122369827294184	0.701193762321722	1.01117717848224	2.99970822949528	0.9897489240256	0.0397253385850967	DRC4pHillFitModel	1	9	G00007	drug_007	72	moa_A	0.1	CL00014	cellline_EA	tissue_x	38
0.527917859839604	0.472082140160396	0.527227514129236	0.0121618210599438	0.462166666666667	0.00262207581258324	0.456931014210021	1.05014676109471	1.66025111285203	0.992203326502488	0.0273263409196358	DRC4pHillFitModel	0.368250210729347	0.631749789270653	0.709615302147261	0.00493372582374245	0.2736	0.00294136086672331	0.265684804147743	1.05344467555762	1.66175150670592	0.989331474375029	0.0422545926995455	DRC4pHillFitModel	1	9	G00007	drug_007	72	moa_A	0.1	CL00015	cellline_FA	tissue_x	42
0.212034855719332	0.787965144280668	0.894202977405758	0.00413268319004251	0.0789	0.00386849587659356	0.0707953698285294	0.986364319259212	1.89255332048031	0.999019774822719	0.033968509718898	DRC4pHillFitModel	-0.350547328653928	1.35054732865393	1.54865021468069	0.0030007288774761	-0.6074	0.00483600369533024	-0.64036822211763	0.990315436489726	1.76864699791106	0.996455517619018	0.0949755503996206	DRC4pHillFitModel	1	9	G00007	drug_007	72	moa_A	0.1	CL00016	cellline_GB	tissue_y	46
0.153768804163544	0.846231195836456	0.924386490694372	0.00236947743717251	0.0281	0.00242571737418244	0.0587138453213831	0.922751263303552	1.82921873021686	0.996230925515704	0.0316728873322381	DRC4pHillFitModel	-0.518930314818669	1.51893031481867	1.69615226297801	0.0022166241781398	-0.839266666666667	0.00324527743222528	-0.701602267057486	0.68697094394075	4.88033203663938	0.97514537590635	0.0953666462897735	DRC4pHillFitModel	1	9	G00007	drug_007	72	moa_A	0.1	CL00017	cellline_HB	tissue_y	50
0.620505332739164	0.379494667260836	0.448670200947321	0.125063652045335	0.479833333333333	0.00944414504203924	0.499241799943832	0.991254000129462	2.50588353595829	0.991168766224367	0.0260787283279806	DRC4pHillFitModel	0.667568229528356	0.332431770471644	0.392645601111486	Inf	0.5338	0.0103690329687081	0.553085498833055	0.999079519646528	2.12131009535693	0.988277700452189	0.0252047269011166	DRC4pHillFitModel	1	9	G00008	drug_008	72	moa_A	0.1	CL00011	cellline_BA	tissue_x	26
0.682761444442274	0.317238555557726	0.377302305761113	Inf	0.554333333333333	0.00960679628686173	0.57429129444495	1.01091648447721	2.24778923163421	0.996727790781092	0.025399251819421	DRC4pHillFitModel	0.695122447482142	0.304877552517858	0.362459017162747	Inf	0.564	0.0103390750808692	0.586870417316818	1.00923296294277	2.22320092588485	0.995526322616674	0.0265125660999495	DRC4pHillFitModel	1	9	G00008	drug_008	72	moa_A	0.1	CL00012	cellline_CA	tissue_x	30
0.926313862349887	0.0736861376501131	0.0868724821985248	Inf	0.894533333333333	0.0207393486664701	0.889900154646914	0.999933792985156	2.2764418359405	0.979610077517388	0.029300367325253	DRC4pHillFitModel	0.928208779730803	0.0717912202691974	0.0845695447022504	Inf	0.897166666666667	0.0211140168097237	0.89255569494225	0.999668660240342	2.27995199344317	0.978569570061569	0.0288088758283241	DRC4pHillFitModel	1	9	G00008	drug_008	72	moa_A	0.1	CL00013	cellline_DA	tissue_x	34
0.958559103774025	0.0414408962259752	0.0534300510879652	Inf	0.909033333333333	0.0405706565461651	0.90911271767882	1.03180045715322	2.50577174581991	0.978777388029942	0.0209247967221632	DRC4pHillFitModel	0.954922498049153	0.0450775019508475	0.0578752677571943	Inf	0.9016	0.0409997565276703	0.901801223237807	1.03323849573739	2.53211352201554	0.978590608604881	0.0227313643759312	DRC4pHillFitModel	1	9	G00008	drug_008	72	moa_A	0.1	CL00014	cellline_EA	tissue_x	38
0.670621702692619	0.329378297307381	0.39598381517586	Inf	0.551066666666667	0.008430122080281	0.560007337807791	1.03204753700227	2.4411808641834	0.98751251602135	0.0184102995167998	DRC4pHillFitModel	0.572468295607411	0.427531704392589	0.513659660688505	0.0194002988377735	0.4125	0.00897385791094864	0.426113543322707	1.03347010726894	2.56412872488039	0.984037755084765	0.0257157029016027	DRC4pHillFitModel	1	9	G00008	drug_008	72	moa_A	0.1	CL00015	cellline_FA	tissue_x	42
0.265905518664895	0.734094481335105	0.869929254071434	0.00888045659140107	0.0239666666666667	0.00856787500334565	0.0378530925658526	1.0038331420093	2.41011835472032	0.997884824629227	0.0246685446005189	DRC4pHillFitModel	-0.263766666666667	1.26376666666667	1.26376666666667	-Inf	-0.825133333333333	0	-0.263766666666667	-0.263766666666667	0.0001	-0.00000212529479792778	0.0770007070457675	DRCConstantFitResult	1	9	G00008	drug_008	72	moa_A	0.1	CL00016	cellline_GB	tissue_y	46
0.176596780382934	0.823403219617066	0.93497766319885	0.00378802378303256	0.0137333333333333	0.00345904823492756	0.0288209152551451	1.05399418835875	1.78221471736626	0.998597672785745	0.0217578080962515	DRC4pHillFitModel	-0.513682704826241	1.51368270482624	1.73488686940488	0.00263906556539624	-0.898433333333333	0.00436132401978982	-0.841652352333791	1.1	1.60192360246383	0.993708517014009	0.0645256826110414	DRC4pHillFitModel	1	9	G00008	drug_008	72	moa_A	0.1	CL00017	cellline_HB	tissue_y	50
