RV_mean	RV_AOC	RV_AOC_range	ic50	e_max	ec50	e_inf	e_0	h_RV	RV_r2	RV_sd_avg	fit_type_RV	mean_GR	GR_AOC	GR_AOC_range	GR50	GR_max	GEC50	GR_inf	GR_0	h_GR	GR_r2	GR_sd_avg	flat_fit_GR	maxlog10Concentration	N_conc	Gnumber	DrugName	Duration	gcsi_moa	clid	CellLineName	Tissue	ReferenceDivisionTime
0.588825600431115	0.411174399568885	0.485757692121955	0.0308876604651497	0.4287	0.0163245666637194	0.411942750863959	0.991548906848526	2.6965861885425	0.996916995800587	0.0249266172848663	DRC4pHillFitModel	0.622821007332285	0.377178992667715	0.445205658912476	0.0432980426886885	0.472633333333333	0.0181134172181295	0.451084101390263	0.993948640313764	2.65341348114632	0.994583957600966	0.0259435057876519	DRC4pHillFitModel	1	9	G00011	drug_011	72	moa_B	CL00011	cellline_BA	tissue_x	26
0.3354729924819	0.6645270075181	0.786196488258951	0.0150262767138209	0.0585333333333333	0.0140851961763041	0.0642515214181356	1.00129814308553	2.16673212255202	0.999907414422823	0.0293908441227493	DRC4pHillFitModel	0.0735408794983252	0.926459120501675	1.09114309262083	0.0150972814856211	-0.4441	0.0201394037631246	-0.381742233471778	1.00676867881418	1.92198160369546	0.998186649753447	0.0880300105899809	DRC4pHillFitModel	1	9	G00011	drug_011	72	moa_B	CL00012	cellline_CA	tissue_x	30
0.295204180704364	0.704795819295636	0.826894405520406	0.0129201322431963	0.0301333333333333	0.0128337439451993	0.0313978715153351	0.974780228778792	1.95235806114902	0.998743039555939	0.0199569429503967	DRC4pHillFitModel	-0.112145575035953	1.11214557503595	1.30163268943489	0.0124572503852384	-0.654666666666667	0.0198807028045451	-0.632133919754896	0.960451641629514	1.92460796579507	0.988797345018238	0.0838096623152006	DRC4pHillFitModel	1	9	G00011	drug_011	72	moa_B	CL00013	cellline_DA	tissue_x	34
0.411381474465491	0.58861852553451	0.692056715538371	0.0146626753611608	0.182466666666667	0.0116890671312761	0.20161274907462	0.979917931117986	2.09671497687423	0.99789950722708	0.0267462864679779	DRC4pHillFitModel	0.180088161782723	0.819911838217277	0.964054267633458	0.0120339736719918	-0.185366666666667	0.0139829471186235	-0.146880238847484	0.985125763969276	1.91701487775214	0.996921124803679	0.0491649169881817	DRC4pHillFitModel	1	9	G00011	drug_011	72	moa_B	CL00014	cellline_EA	tissue_x	38
0.712866984713342	0.287133015286658	0.340028169585117	Inf	0.559933333333333	0.0204326570491444	0.569059878745027	1.00575629084331	2.52627699225608	0.993622170731781	0.0251316795034201	DRC4pHillFitModel	0.628765828911515	0.371234171088485	0.439129731295754	0.0497156366713912	0.4259	0.0213962519507076	0.439002316940565	1.00671569535953	2.5110957346493	0.994573170689096	0.035338417588175	DRC4pHillFitModel	1	9	G00011	drug_011	72	moa_B	CL00015	cellline_FA	tissue_x	42
0.714585566506763	0.285414433493237	0.329756091016414	Inf	0.527233333333333	0.0369058571945905	0.542659476274831	0.980302334222689	3.20512969289795	0.99428196974501	0.0267729823204925	DRC4pHillFitModel	0.599643849684799	0.400356150315201	0.462477803487441	0.0570142474718261	0.328466666666667	0.0386785386110981	0.351503217215442	0.975145808211023	2.99744731516089	0.994489205649034	0.0396974671657997	DRC4pHillFitModel	1	9	G00011	drug_011	72	moa_B	CL00016	cellline_GB	tissue_y	46
0.563077345514284	0.436922654485716	0.514229329692734	0.030124749354174	0.358533333333333	0.0166698036871995	0.375039538818867	0.986596360371841	2.29732458124731	0.998384667572394	0.0316578939741659	DRC4pHillFitModel	0.316289302800475	0.683710697199525	0.804487803418785	0.0176171682234618	-0.0199	0.0177292579219698	0.0118595958490537	0.981101567843006	2.29010102074363	0.998304774173924	0.0541749421429623	DRC4pHillFitModel	1	9	G00011	drug_011	72	moa_B	CL00017	cellline_HB	tissue_y	50
0.478050763483524	0.521949236516476	0.614677264839859	0.0126096357344696	0.3395	0.00794244022158409	0.325728898003498	0.99347378978538	2.25176536469699	0.996758670833123	0.0256626645446172	DRC4pHillFitModel	0.1566	0.8434	0.8434	-Inf	-0.110566666666667	0	0.1566	0.1566	0.0001	0.00000918564923357845	0.046591458568876	DRCConstantFitResult	1	9	G00011	drug_011	72	moa_B	CL00018	cellline_IB	tissue_y	54
0.563853170465963	0.436146829534037	0.507808977003878	0.0659672213129717	0.2391	0.0460242019619891	0.241171025007097	1.01570869905367	1.91497940319482	0.999064532421748	0.0293347513190838	DRC4pHillFitModel	0.224855568119478	0.775144431880522	0.900472682056802	0.0378757298968212	-0.368833333333333	0.0492662534505854	-0.364531289737431	1.02576532869196	1.8915102984855	0.998866945037177	0.0549525693946002	DRC4pHillFitModel	1	9	G00011	drug_011	72	moa_B	CL00019	cellline_JB	tissue_z	58
0.409884403067845	0.590115596932155	0.693556397343154	0.0235132824877576	0.103966666666667	0.0200106909248514	0.12101817242891	1.00350965250197	1.7614181441185	0.99928183215838	0.0299337121784787	DRC4pHillFitModel	-0.112108249227297	1.1121082492273	1.30570134691788	0.0132310909700661	-0.716766666666667	0.0215391287547381	-0.676991872344822	1.00799851604174	1.72426758654612	0.999144406008563	0.0624944829056995	DRC4pHillFitModel	1	9	G00011	drug_011	72	moa_B	CL00020	cellline_KB	tissue_z	62
0.679907953411211	0.320092046588789	0.36212937625416	Inf	0.615666666666667	0.00320312071169403	0.622438629760242	1.03552758320667	1.60109022043521	0.99317855275232	0.0294351484746997	DRC4pHillFitModel	0.735581541411046	0.264418458588954	0.300576380078669	Inf	0.678533333333333	0.0035809396724755	0.684967435357067	1.02341244997584	1.612563802704	0.991077408878619	0.0272969864227238	DRC4pHillFitModel	1	9	G00002	drug_002	72	moa_A	CL00011	cellline_BA	tissue_x	26
0.864268494336537	0.135731505663463	0.158706886500516	Inf	0.789266666666667	0.0134448634768379	0.805151864924004	1.01070437275182	1.22880951818814	0.977690963868976	0.0304091774883638	DRC4pHillFitModel	0.880293070421075	0.119706929578925	0.139934453758726	Inf	0.812166666666667	0.0142984463380914	0.827037781442808	1.0082596928829	1.2392269248986	0.975380835209353	0.0276032706833245	DRC4pHillFitModel	1	9	G00002	drug_002	72	moa_A	CL00012	cellline_CA	tissue_x	30
0.887180921144707	0.112819078855293	0.132284702870729	Inf	0.808266666666667	0.0306994568540317	0.819258868042855	1.00131891253762	2.20645447331221	0.963730634820355	0.0249934334275913	DRC4pHillFitModel	0.8880905316729	0.1119094683271	0.131046956179001	Inf	0.8086	0.0321364506830097	0.819133555085343	1.00155419954177	2.03333998835943	0.962965885397312	0.025216492281172	DRC4pHillFitModel	1	9	G00002	drug_002	72	moa_A	CL00013	cellline_DA	tissue_x	34
0.97072962962963	0.0292703703703704	0.0292703703703704	Inf	0.944733333333333	0	0.97072962962963	0.97072962962963	0.0001	0.446463418235206	0.0172855485434409	DRCConstantFitResult	0.968618518518519	0.0313814814814815	0.0313814814814815	Inf	0.940833333333333	0	0.968618518518519	0.968618518518519	0.0001	0.44712357545677	0.0185639978824399	DRCConstantFitResult	1	9	G00002	drug_002	72	moa_A	CL00014	cellline_EA	tissue_x	38
0.566779756413685	0.433220243586315	0.492514210519066	0.0255279212595563	0.498866666666667	0.00367289063420123	0.494499713601454	0.986804831684526	2.31229493895608	0.992280130555264	0.028690813574202	DRC4pHillFitModel	0.426626697673925	0.573373302326075	0.654637483441452	0.00610778473800998	0.332366666666667	0.00390496334831963	0.325557137348728	0.985158627272814	2.28670387352104	0.989833303412415	0.0421959015565463	DRC4pHillFitModel	1	9	G00002	drug_002	72	moa_A	CL00015	cellline_FA	tissue_x	42
0.180679945981395	0.819320054018606	0.935196007210962	0.00426506291964558	0.0178333333333333	0.00419493821014714	0.0234637575702603	0.991831814350069	1.90568355227591	0.99933409018649	0.0242102757088674	DRC4pHillFitModel	-0.422774074074074	1.42277407407407	1.42277407407407	-Inf	-0.850566666666667	0	-0.422774074074074	-0.422774074074074	0.0001	-0.00000325453508431828	0.074745858924391	DRCConstantFitResult	1	9	G00002	drug_002	72	moa_A	CL00016	cellline_GB	tissue_y	46
0.527637047577576	0.472362952422424	0.555900680724261	0.032978466902023	0.238066666666667	0.024598704540138	0.274585988346359	0.99915906115482	2.71177239337504	0.996480451718231	0.0297912124007294	DRC4pHillFitModel	0.23663833088137	0.76336166911863	0.897364499918086	0.0233274199141748	-0.2621	0.026338404693278	-0.186912237548846	1.00087168719957	2.60181319152198	0.994434802269351	0.0500111413941684	DRC4pHillFitModel	1	9	G00002	drug_002	72	moa_A	CL00017	cellline_HB	tissue_y	50
0.271344102940227	0.728655897059773	0.862805628265992	0.00836239013652614	0.0436333333333333	0.0079916303001833	0.0560718181416346	0.997888954022941	2.5295594400951	0.998201556628048	0.0237595591704861	DRC4pHillFitModel	-0.301737037037037	1.30173703703704	1.30173703703704	-Inf	-0.8198	0	-0.301737037037037	-0.301737037037037	0.0001	-0.0000158619992345344	0.0667120902822244	DRCConstantFitResult	1	9	G00002	drug_002	72	moa_A	CL00018	cellline_IB	tissue_y	54
0.752240531046274	0.247759468953726	0.288405792888645	Inf	0.507666666666667	0.0683359857887635	0.516610810085757	1.02988327438683	2.34264702616179	0.997539273168715	0.0171718557058362	DRC4pHillFitModel	0.578274812273945	0.421725187726055	0.48988722770557	0.0878966142189594	0.158366666666667	0.070452152645001	0.174808109179613	1.04744866253124	2.35437849261472	0.997289840332063	0.0293558180796463	DRC4pHillFitModel	1	9	G00002	drug_002	72	moa_A	CL00019	cellline_JB	tissue_z	58
0.29201972141575	0.70798027858425	0.826040969335993	0.00872404582781599	0.075	0.00802995947148524	0.0856145353656336	0.982964525269333	1.84728469728125	0.999020585965321	0.0228934126157058	DRC4pHillFitModel	-0.347066951264539	1.34706695126454	1.57374297161074	0.00505430048062337	-0.786066666666667	0.00868283176497471	-0.759706831003239	0.971486103081079	1.81617017147338	0.998483896700346	0.048812957923508	DRC4pHillFitModel	1	9	G00002	drug_002	72	moa_A	CL00020	cellline_KB	tissue_z	62
0.79800145937639	0.20199854062361	0.240562279200119	Inf	0.7139	0.00754794171613951	0.735318349866457	1.01662286213973	2.14147038902202	0.987414710987161	0.0247320761381715	DRC4pHillFitModel	0.8402898054658	0.1597101945342	0.190203124867907	Inf	0.7708	0.00797738028435981	0.78965847104826	1.01107845942894	2.17665995296831	0.984851751644765	0.0204476046209095	DRC4pHillFitModel	1	9	G00003	drug_003	72	moa_A	CL00011	cellline_BA	tissue_x	26
0.950467380675067	0.0495326193249335	0.0586625942205493	Inf	0.918733333333333	0.0197670913353355	0.926432502854361	1.00022059380618	5	0.926707645348029	0.0343420032139949	DRC4pHillFitModel	0.958433333333333	0.0415666666666666	0.0415666666666666	Inf	0.930333333333333	0	0.958433333333333	0.958433333333333	0.0001	0.582095040488215	0.0295208683344659	DRCConstantFitResult	1	9	G00003	drug_003	72	moa_A	CL00012	cellline_CA	tissue_x	30
0.893103141634541	0.106896858365459	0.120673102328976	Inf	0.828333333333333	0.0435346029020236	0.833847661323891	0.978161108165577	4.014007808441	0.977735067726822	0.0280773164444602	DRC4pHillFitModel	0.894533031653863	0.105466968346137	0.11913648499089	Inf	0.829333333333333	0.0442814924103133	0.835094684357271	0.979211664288294	3.92315846664107	0.976027799300318	0.0285024685179268	DRC4pHillFitModel	1	9	G00003	drug_003	72	moa_A	CL00013	cellline_DA	tissue_x	34
0.835468001006798	0.164531998993202	0.191584320154418	Inf	0.738933333333333	0.0247055169232242	0.753743766158251	0.987440908027652	5	0.988984825049325	0.0314407262703065	DRC4pHillFitModel	0.815137399164595	0.184862600835405	0.215331574726704	Inf	0.704333333333333	0.0249981639097577	0.722420767217431	0.98659528474678	5	0.988542141025774	0.0367048733066245	DRC4pHillFitModel	1	9	G00003	drug_003	72	moa_A	CL00014	cellline_EA	tissue_x	38
0.75663706382365	0.24336293617635	0.282564565883852	Inf	0.687733333333333	0.00488855734304789	0.706081392166808	0.993055724770221	2.566086702387	0.986944168202881	0.0277454046251514	DRC4pHillFitModel	0.696575860634706	0.303424139365294	0.352824565075379	Inf	0.607633333333333	0.00502843729959757	0.632224174049953	0.991420291326783	2.56807930084337	0.985408833485055	0.0359156631378726	DRC4pHillFitModel	1	9	G00003	drug_003	72	moa_A	CL00015	cellline_FA	tissue_x	42
0.239569935536272	0.760430064463728	0.892500156847144	0.00738389108112082	0.0198333333333333	0.00737301716234418	0.0342671045624588	0.967412086895514	2.44208498600441	0.999389433759872	0.0243521353353321	DRC4pHillFitModel	-0.356582927827923	1.35658292782792	1.5991983084048	0.00606212674770207	-0.839033333333333	0.0091855240754937	-0.774370692148522	0.941579473540475	2.55036365920854	0.997898335173011	0.08551320726921	DRC4pHillFitModel	1	9	G00003	drug_003	72	moa_A	CL00016	cellline_GB	tissue_y	46
0.55582578436878	0.44417421563122	0.528253509336477	0.0350746480404084	0.3003	0.0227657277961362	0.311331887463658	1.02845998357035	2.38298094640749	0.99803110666166	0.028327548624097	DRC4pHillFitModel	0.290545118589454	0.709454881410546	0.840786709675594	0.0234622100479063	-0.132733333333333	0.0247514555955075	-0.110214129207202	1.03508751097663	2.45600347932528	0.997364706145182	0.0481482814385432	DRC4pHillFitModel	1	9	G00003	drug_003	72	moa_A	CL00017	cellline_HB	tissue_y	50
0.29363449094515	0.70636550905485	0.831330936097266	0.00994723212872713	0.0722666666666667	0.00900218674146862	0.0598497678462969	1.02449766390619	1.75629031044055	0.998787382278801	0.0212921758257908	DRC4pHillFitModel	-0.249051851851852	1.24905185185185	1.24905185185185	-Inf	-0.724233333333333	0	-0.249051851851852	-0.249051851851852	0.0001	-0.00000188275531143312	0.0550961980825399	DRCConstantFitResult	1	9	G00003	drug_003	72	moa_A	CL00018	cellline_IB	tissue_y	54
0.88743949629304	0.11256050370696	0.123352002857103	Inf	0.723233333333333	0.208816178812983	0.728359956158063	1.00303809152562	2.80494130484913	0.993817237914818	0.0238586672973255	DRC4pHillFitModel	0.813602279472652	0.186397720527348	0.204115639316057	Inf	0.540533333333333	0.211088413130022	0.549286457622808	1.00475813033224	2.80801770306758	0.994047618042618	0.0392393138887037	DRC4pHillFitModel	1	9	G00003	drug_003	72	moa_A	CL00019	cellline_JB	tissue_z	58
0.347921088915793	0.652078911084207	0.77130540775087	0.0109231701887516	0.132766666666667	0.00926587490856587	0.131598249798917	1.01531573826741	2.03956195296911	0.9991623422441	0.0262415621652617	DRC4pHillFitModel	-0.187485185185185	1.18748518518519	1.18748518518519	-Inf	-0.648533333333333	0	-0.187485185185185	-0.187485185185185	0.0001	-0.00000485908542691149	0.05420589188997	DRCConstantFitResult	1	9	G00003	drug_003	72	moa_A	CL00020	cellline_KB	tissue_z	62
0.697245264504688	0.302754735495312	0.359382419061086	Inf	0.548233333333333	0.0153829207638155	0.560894956919	1.01671333862657	1.83018342639097	0.997439298621251	0.0288044563359272	DRC4pHillFitModel	0.74338984409697	0.25661015590303	0.304069822902947	Inf	0.6096	0.01697785477872	0.622469360201268	1.01288746754142	1.79186297328042	0.996763489612454	0.0267815572633655	DRC4pHillFitModel	1	9	G00004	drug_004	72	moa_A	CL00011	cellline_BA	tissue_x	26
0.759782290113058	0.240217709886942	0.28561018643036	Inf	0.615966666666667	0.0239778359220851	0.625144350185354	1.01372370620112	4.56073751282904	0.999374027200797	0.0228552614109989	DRC4pHillFitModel	0.772646468504399	0.227353531495601	0.269808498110579	Inf	0.6336	0.0247685008270707	0.644178660311953	1.01125556483218	4.56127271510307	0.999177127018687	0.0228137572881102	DRC4pHillFitModel	1	9	G00004	drug_004	72	moa_A	CL00012	cellline_CA	tissue_x	30
0.695225189062616	0.304774810937384	0.355543330438275	Inf	0.610766666666667	0.00722182722276878	0.615122652389486	0.982516260638411	2.21723719847955	0.992729379691408	0.0287709730995396	DRC4pHillFitModel	0.677878650730905	0.322121349269095	0.376688575858604	Inf	0.584066666666667	0.00778225852002087	0.589860362295851	0.97955256523473	2.3308434269539	0.991095329348019	0.0327635457976184	DRC4pHillFitModel	1	9	G00004	drug_004	72	moa_A	CL00013	cellline_DA	tissue_x	34
0.911199478245499	0.088800521754501	0.102138452074983	Inf	0.866166666666667	0.0202007596750393	0.875612655447147	0.984088787534085	5	0.959734316580113	0.0342189924555177	DRC4pHillFitModel	0.903276311992851	0.0967236880071486	0.111294487415915	Inf	0.853733333333333	0.0202547988137352	0.864335825260525	0.98293081298129	5	0.95811957396417	0.037679687634143	DRC4pHillFitModel	1	9	G00004	drug_004	72	moa_A	CL00014	cellline_EA	tissue_x	38
0.661259886223594	0.338740113776406	0.394578383977184	Inf	0.5658	0.00650644507594439	0.574781261635866	0.991870072744036	2.02970813290761	0.994093260658007	0.0210981404532103	DRC4pHillFitModel	0.563359878592259	0.436640121407741	0.509566713883508	0.020805134441322	0.434433333333333	0.00687956501336834	0.447572886334722	0.990558333555433	2.02063133083852	0.992646169376929	0.0295810756036756	DRC4pHillFitModel	1	9	G00004	drug_004	72	moa_A	CL00015	cellline_FA	tissue_x	42
0.497683199487407	0.502316800512593	0.588226703280664	0.0274831842431299	0.266366666666667	0.0224376624342417	0.25248631687854	0.975030275661215	3.21402973171186	0.997303344526669	0.0194728152585137	DRC4pHillFitModel	0.224330538153212	0.775669461846788	0.908535808265889	0.0214249772783254	-0.141166666666667	0.0240596279660664	-0.171636305762963	0.96995431190382	3.07887687571997	0.995302855759129	0.0340032901991126	DRC4pHillFitModel	1	9	G00004	drug_004	72	moa_A	CL00016	cellline_GB	tissue_y	46
0.559409807752943	0.440590192247057	0.516202022965738	0.0336016200254731	0.332466666666667	0.0243017301392327	0.332894464115605	0.983930093040253	3.28156533079271	0.996641731809855	0.0273905842186311	DRC4pHillFitModel	0.300620426275702	0.699379573724298	0.819170849323355	0.0241668828298495	-0.0692	0.0255085591819783	-0.0691048408760127	0.977857665459467	3.2342969281691	0.995400672503916	0.0462234260275699	DRC4pHillFitModel	1	9	G00004	drug_004	72	moa_A	CL00017	cellline_HB	tissue_y	50
0.251494914530973	0.748505085469027	0.875588031891862	0.00747077582012434	0.0273666666666667	0.00684633752680432	0.0379038509952162	1.03669587234874	1.7145968575398	0.999401905692491	0.0258104502854789	DRC4pHillFitModel	-0.341807407407407	1.34180740740741	1.34180740740741	-Inf	-0.87	0	-0.341807407407407	-0.341807407407407	0.0001	-0.00000942922858460093	0.0743648611159353	DRCConstantFitResult	1	9	G00004	drug_004	72	moa_A	CL00018	cellline_IB	tissue_y	54
0.573437219126987	0.426562780873013	0.498924374548737	0.0441329424671275	0.336366666666667	0.0259749148238765	0.344589310096134	0.989001235951134	2.16251147809708	0.997466366582081	0.0232529294624913	DRC4pHillFitModel	0.256055792080905	0.743944207919095	0.869697724349886	0.0236066449635619	-0.1685	0.0271927132447535	-0.152950645240725	0.983011764393339	2.13165621639869	0.996953089305106	0.0420035951593595	DRC4pHillFitModel	1	9	G00004	drug_004	72	moa_A	CL00019	cellline_JB	tissue_z	58
0.528679205514697	0.471320794485303	0.555993365089456	0.0333098808490841	0.276633333333333	0.0212198171796955	0.288009378954065	1.00969318991122	1.94551079871335	0.997297415239563	0.0287826063806334	DRC4pHillFitModel	0.134780934804892	0.865219065195108	1.01980822009004	0.0174868769281846	-0.3388	0.0221538243783703	-0.315955025994452	1.01714289360675	1.9278031404814	0.996784706779703	0.0549428750642213	DRC4pHillFitModel	1	9	G00004	drug_004	72	moa_A	CL00020	cellline_KB	tissue_z	62
0.867867091356125	0.132132908643875	0.155237587097558	Inf	0.782033333333333	0.0242219954738404	0.797816304683373	0.999333546899968	2.19657618262586	0.968351784705477	0.0276343744409355	DRC4pHillFitModel	0.897911283458991	0.102088716541009	0.119849664539252	Inf	0.8298	0.0250723775814438	0.842908256314615	0.999466016009627	2.16799236779008	0.967971018105421	0.0222109522067357	DRC4pHillFitModel	1	9	G00005	drug_005	72	moa_A	CL00011	cellline_BA	tissue_x	26
0.948375013426143	0.0516249865738572	0.0627131172170309	Inf	0.902066666666667	0.0202487147638655	0.918747467535418	1.00898835456476	5	0.863937148405884	0.0268714673021336	DRC4pHillFitModel	0.956618518518519	0.0433814814814815	0.0433814814814815	Inf	0.9159	0	0.956618518518519	0.956618518518519	0.0001	0.538848307059434	0.0230507133119595	DRCConstantFitResult	1	9	G00005	drug_005	72	moa_A	CL00012	cellline_CA	tissue_x	30
0.661143911455159	0.338856088544841	0.405278983051107	Inf	0.516133333333333	0.0104708302494392	0.54097575692708	1.0077480855323	3.04702762163886	0.99624073239358	0.0194668899892856	DRC4pHillFitModel	0.630569586152431	0.369430413847569	0.441510758356041	0.05410988062101	0.463266666666667	0.0110413766918247	0.49613950359838	1.00700149751434	3.06896894148649	0.994752850858389	0.0233898761484201	DRC4pHillFitModel	1	9	G00005	drug_005	72	moa_A	CL00013	cellline_DA	tissue_x	34
0.778748838848921	0.221251161151079	0.262977354982853	Inf	0.718466666666667	0.00546443386095079	0.722234629442821	1.02275742186031	2.50221725323503	0.986410469326149	0.0250569280339665	DRC4pHillFitModel	0.749145969121221	0.250854030878779	0.298237428337031	Inf	0.6796	0.00564413056284631	0.684013368383874	1.02411761877552	2.48549070773353	0.984208225521467	0.0298254019912599	DRC4pHillFitModel	1	9	G00005	drug_005	72	moa_A	CL00014	cellline_EA	tissue_x	38
0.505345189044653	0.494654810955347	0.554478044954094	0.00468657259237862	0.452833333333333	0.00312433547146235	0.444049695539259	0.924904077308363	5	0.995676738288746	0.0273460610484672	DRC4pHillFitModel	0.332406993877005	0.667593006122995	0.751854108457233	0.00358102951739631	0.259166666666667	0.00322460308275985	0.245111006742114	0.9120055549931	4.58037549644695	0.994079068940743	0.0421784611324145	DRC4pHillFitModel	1	9	G00005	drug_005	72	moa_A	CL00015	cellline_FA	tissue_x	42
0.542042968278517	0.457957031721483	0.539883235565019	0.0329769639200978	0.280666666666667	0.0230871604299312	0.302881945871921	1.00130866305377	2.61804713346102	0.997800854642083	0.0281508479555518	DRC4pHillFitModel	0.307249057634922	0.692750942365078	0.815389938111605	0.0238268549414525	-0.1121	0.0250077725036722	-0.0686228051510771	1.00218178421201	2.56866791624112	0.996795796961156	0.0466905985473796	DRC4pHillFitModel	1	9	G00005	drug_005	72	moa_A	CL00016	cellline_GB	tissue_y	46
0.518457697929922	0.481542302070078	0.574099886799326	0.0265166682023044	0.263433333333333	0.0184727282909719	0.280702795325679	1.02722906002048	2.42672342784025	0.997985146977093	0.0259688822084721	DRC4pHillFitModel	0.222779292538935	0.777220707461065	0.924468507996138	0.0181571311518853	-0.208733333333333	0.0199598859406532	-0.174042004402399	1.04018697315141	2.33862627274822	0.997072745573005	0.0441554456631856	DRC4pHillFitModel	1	9	G00005	drug_005	72	moa_A	CL00017	cellline_HB	tissue_y	50
0.355980945277594	0.644019054722406	0.762956183212678	0.0142270829758888	0.0961666666666667	0.0125485480036277	0.104578471684451	1.01170126487626	2.05339832249508	0.99916399081062	0.0276257330881783	DRC4pHillFitModel	-0.119092592592593	1.11909259259259	1.11909259259259	-Inf	-0.658466666666667	0	-0.119092592592593	-0.119092592592593	0.0001	-0.0000475576526646204	0.0600270524720751	DRCConstantFitResult	1	9	G00005	drug_005	72	moa_A	CL00018	cellline_IB	tissue_y	54
0.858905852917426	0.141094147082574	0.156265546838133	Inf	0.67	0.166570272735711	0.681252623501848	1.00143480595866	2.7521726448108	0.983576723293453	0.0245589600497645	DRC4pHillFitModel	0.765111273570299	0.234888726429701	0.259944927377171	0.457803571828167	0.448433333333333	0.168724455518675	0.468094242725783	1.00207493910413	2.76100654168061	0.984090916234796	0.0408905396391057	DRC4pHillFitModel	1	9	G00005	drug_005	72	moa_A	CL00019	cellline_JB	tissue_z	58
0.489591344493281	0.510408655506719	0.601206080257705	0.0258302408486511	0.257766666666667	0.0191634071273086	0.250084014478419	0.992867764913526	2.27476549040645	0.998132610158722	0.0287181621924285	DRC4pHillFitModel	0.0574505974329269	0.942549402567073	1.10957180394506	0.0152955470048994	-0.3779	0.0199850693253482	-0.393998606687008	0.986773181313051	2.27319382102885	0.997665618662158	0.0562717868272233	DRC4pHillFitModel	1	9	G00005	drug_005	72	moa_A	CL00020	cellline_KB	tissue_z	62
0.836882139432276	0.163117860567724	0.194873934064791	Inf	0.736666666666667	0.0176680001094034	0.75627935104639	1.01316574333902	2.10902709000985	0.985259313046758	0.0269359496724819	DRC4pHillFitModel	0.871970226790186	0.128029773209814	0.152722219356608	Inf	0.790933333333333	0.0184429405012937	0.807574539639338	1.0098275004259	2.05927383829642	0.984381367171286	0.0222947792637311	DRC4pHillFitModel	1	9	G00006	drug_006	72	moa_A	CL00011	cellline_BA	tissue_x	26
0.671995474800293	0.328004525199707	0.390717254065962	Inf	0.533733333333333	0.0106649059077408	0.547890060243729	1.02528286545511	1.90240422456164	0.997419028478278	0.0293846120570904	DRC4pHillFitModel	0.681587970385228	0.318412029614772	0.378696646503158	Inf	0.5394	0.0117081558166193	0.555462285642106	1.0225687834775	1.83417202124379	0.996583311669464	0.0308106729822067	DRC4pHillFitModel	1	9	G00006	drug_006	72	moa_A	CL00012	cellline_CA	tissue_x	30
0.98132962962963	0.0186703703703703	0.0186703703703703	Inf	0.956066666666667	0	0.98132962962963	0.98132962962963	0.0001	0.640586228759725	0.0257200559374861	DRCConstantFitResult	0.981988888888889	0.0180111111111111	0.0180111111111111	Inf	0.957566666666667	0	0.981988888888889	0.981988888888889	0.0001	0.635952366057371	0.0246706777325187	DRCConstantFitResult	1	9	G00006	drug_006	72	moa_A	CL00013	cellline_DA	tissue_x	34
0.898313779176214	0.101686220823786	0.119663128765345	Inf	0.808366666666667	0.0421679871416879	0.822364340895603	1.00889124352162	2.53023767480837	0.985108306232399	0.0279272927180665	DRC4pHillFitModel	0.887749668942851	0.112250331057149	0.131896821735089	Inf	0.7872	0.0433353635529068	0.803277486687954	1.00925051278187	2.47929247904928	0.985236194066266	0.0312594631495955	DRC4pHillFitModel	1	9	G00006	drug_006	72	moa_A	CL00014	cellline_EA	tissue_x	38
0.51186320503576	0.48813679496424	0.576884451925897	0.0130867970233183	0.358333333333333	0.00705295180184607	0.374288837999805	1.01286208352489	2.27453318088368	0.996883638562806	0.0248785076862987	DRC4pHillFitModel	0.326627312071275	0.673372687928725	0.796715457363671	0.00890787657678205	0.0990333333333334	0.00771750138738626	0.126625660288975	1.01528988047455	2.24579160716143	0.995223970230898	0.0389068985499494	DRC4pHillFitModel	1	9	G00006	drug_006	72	moa_A	CL00015	cellline_FA	tissue_x	42
0.403513081271449	0.596486918728551	0.709046269179969	0.016378301512996	0.1329	0.0140938351439571	0.157986369389077	1.00638584689011	2.6124922457491	0.998763996440276	0.0232963870538604	DRC4pHillFitModel	0.0354208108256242	0.964579189174376	1.14447374475342	0.0127471476091913	-0.4508	0.0159074297020794	-0.387190265966207	1.01026648326837	2.49742408978781	0.997261975640989	0.046795130679626	DRC4pHillFitModel	1	9	G00006	drug_006	72	moa_A	CL00016	cellline_GB	tissue_y	46
0.425446889373812	0.574553110626188	0.684081545551548	0.0165256841811774	0.179733333333333	0.0130827686783848	0.19232323510612	1.02049162626293	2.25034030578155	0.999064615565552	0.02022703616734	DRC4pHillFitModel	0.0440114792209674	0.955988520779033	1.13631831452042	0.0116415645979751	-0.392733333333333	0.014509801134172	-0.362934901729144	1.02785361401415	2.23172289095135	0.998881090698814	0.0389208342286045	DRC4pHillFitModel	1	9	G00006	drug_006	72	moa_A	CL00017	cellline_HB	tissue_y	50
0.589826273691983	0.410173726308017	0.482807566511963	0.0478298402086144	0.3434	0.0293968069386184	0.343959621095722	1.01134750001298	2.4384207219435	0.998866607499002	0.0309431502906109	DRC4pHillFitModel	0.316510387082272	0.683489612917728	0.803344125528023	0.0291135092715827	-0.103366666666667	0.0310453847207557	-0.103318150337414	1.01841157010356	2.3607824352772	0.998638612184433	0.0542676870161809	DRC4pHillFitModel	1	9	G00006	drug_006	72	moa_A	CL00018	cellline_IB	tissue_y	54
0.773677199295962	0.226322800704038	0.259092010029427	Inf	0.525466666666667	0.0892719363396401	0.543931080240647	1.01491292935849	2.05211654031325	0.992850682790943	0.0199338977098132	DRC4pHillFitModel	0.61693425226447	0.38306574773553	0.437633666484684	0.125140580540049	0.191	0.0922274281322824	0.225240607990299	1.02249538369898	2.10603577216517	0.992153951071341	0.0338675956945535	DRC4pHillFitModel	1	9	G00006	drug_006	72	moa_A	CL00019	cellline_JB	tissue_z	58
0.57863959320414	0.42136040679586	0.49468632542103	0.0480975719781526	0.3431	0.0285329704722602	0.333184836472966	1.00525466999854	2.1222459956817	0.997123325072863	0.0283016333036041	DRC4pHillFitModel	0.230897534379633	0.769102465620367	0.902162931831034	0.0250276244363687	-0.204366666666667	0.0295687911533393	-0.224146153959998	1.00885574976729	2.11605032453166	0.996955961473009	0.0541536058207135	DRC4pHillFitModel	1	9	G00006	drug_006	72	moa_A	CL00020	cellline_KB	tissue_z	62
0.517254587991943	0.482745412008057	0.562928165731953	0.0131831518363393	0.397766666666667	0.00581321374541872	0.396999316135607	1.01136189575421	1.95692479802097	0.998431022754456	0.0271121569117989	DRC4pHillFitModel	0.554042904688055	0.445957095311945	0.522284921359145	0.0190151062231473	0.433133333333333	0.00680289752399618	0.432117334778947	1.00661149990002	1.95543620064319	0.996967195515473	0.0307280436631988	DRC4pHillFitModel	1	9	G00007	drug_007	72	moa_A	CL00011	cellline_BA	tissue_x	26
0.825139824738932	0.174860175261068	0.205917795229795	Inf	0.751966666666667	0.0154575817458583	0.754600902759214	0.990284594294574	3.40297961192907	0.988698282751146	0.0270916880815246	DRC4pHillFitModel	0.84272529759815	0.15727470240185	0.185246606800231	Inf	0.775666666666667	0.0158273732334864	0.778257720617623	0.991842311250228	3.37897413994541	0.986799578397235	0.0255115174216949	DRC4pHillFitModel	1	9	G00007	drug_007	72	moa_A	CL00012	cellline_CA	tissue_x	30
0.709268958188154	0.290731041811846	0.342903825044434	Inf	0.626733333333333	0.00619026024810819	0.634870303139936	1.0044379420161	2.50510940023553	0.99366078762847	0.0232347413071939	DRC4pHillFitModel	0.694162949444871	0.305837050555129	0.361153465094935	Inf	0.603966666666667	0.00650187767290987	0.613468092085868	1.00413817039443	2.49514469258039	0.991960933300723	0.0264954810463077	DRC4pHillFitModel	1	9	G00007	drug_007	72	moa_A	CL00013	cellline_DA	tissue_x	34
0.817060996085898	0.182939003914102	0.21779359745641	Inf	0.7298	0.0137294210461169	0.738313497578272	1.01274937565179	1.86656743969235	0.980727560944532	0.0334369148111107	DRC4pHillFitModel	0.793833605395938	0.206166394604062	0.245168452464794	Inf	0.693466666666667	0.0143616548811413	0.703575604232754	1.01293650342353	1.86207747674712	0.978627566252941	0.0387701526359106	DRC4pHillFitModel	1	9	G00007	drug_007	72	moa_A	CL00014	cellline_EA	tissue_x	38
0.52560266087732	0.47439733912268	0.531416314462988	0.00823443661509576	0.449766666666667	0.00258854287151447	0.46057099705682	1.04169227546741	2.26419710059054	0.995776320095997	0.0240175869869655	DRC4pHillFitModel	0.364513856050238	0.635486143949762	0.715553484114275	0.00411992728967321	0.253633333333333	0.00279361011190853	0.271849653038715	1.04762103209634	2.25373706467341	0.99401668382636	0.0373548050426958	DRC4pHillFitModel	1	9	G00007	drug_007	72	moa_A	CL00015	cellline_FA	tissue_x	42
0.209120627148205	0.790879372851795	0.8977996169587	0.00414030517002583	0.0507333333333333	0.00396738190435145	0.0682396755538197	0.969613798639915	1.96985312621219	0.997816111747449	0.0263818907356451	DRC4pHillFitModel	-0.357806917715696	1.3578069177157	1.55786063574919	0.00303086879486764	-0.702533333333333	0.00492598035786897	-0.646391989181193	0.965378113087431	1.85623414432245	0.993312354127602	0.0707325576774214	DRC4pHillFitModel	1	9	G00007	drug_007	72	moa_A	CL00016	cellline_GB	tissue_y	46
0.150862457109933	0.849137542890066	0.930493488224123	0.00240103091717851	0.0414666666666667	0.00240112707137956	0.0568289084828992	0.943134003545086	2.08986398239069	0.997429750987359	0.0285941931375275	DRC4pHillFitModel	-0.524668556205112	1.52466855620511	1.70766791847927	0.00229729354799544	-0.785266666666667	0.00315972400269854	-0.712381774483844	0.746380585268464	4.99905827426248	0.987827125377806	0.0789583081446414	DRC4pHillFitModel	1	9	G00007	drug_007	72	moa_A	CL00017	cellline_HB	tissue_y	50
0.293379724484124	0.706620275515876	0.828940066294166	0.00776236769326486	0.0705333333333333	0.00687788509515196	0.0987365663248701	1.01147821731348	2.00607103774685	0.99886673623053	0.0266598639900681	DRC4pHillFitModel	-0.271167290915405	1.27116729091541	1.49321264047089	0.00513296740626023	-0.726566666666667	0.00777137734773152	-0.652007092955084	1.02950716679901	1.87411461283631	0.997671619338985	0.0593197442895703	DRC4pHillFitModel	1	9	G00007	drug_007	72	moa_A	CL00018	cellline_IB	tissue_y	54
0.845146775089507	0.154853224910493	0.171755630545189	Inf	0.638233333333333	0.157608147386718	0.6572023819119	0.999600797778236	3.17156792243303	0.988881230877438	0.0277192629430562	DRC4pHillFitModel	0.7414031499555	0.2585968500445	0.286626526327326	0.291487482360454	0.3929	0.159628804613676	0.426036837670159	0.999143569812185	3.17087031948795	0.989097460159909	0.0460310063283423	DRC4pHillFitModel	1	9	G00007	drug_007	72	moa_A	CL00019	cellline_JB	tissue_z	58
0.724088037946495	0.275911962053505	0.319750697110114	Inf	0.494033333333333	0.0537650648697195	0.507925485804427	1.00680941743584	3.06160313797615	0.998812185381316	0.0374829790992395	DRC4pHillFitModel	0.505443601158616	0.494556398841384	0.572779692074326	0.0599657720934559	0.0894666666666667	0.0545981518569598	0.115825038520207	1.01161278139206	3.05490090576626	0.998773731654173	0.0677026629221659	DRC4pHillFitModel	1	9	G00007	drug_007	72	moa_A	CL00020	cellline_KB	tissue_z	62
0.630962621666037	0.369037378333963	0.431839020553048	Inf	0.5102	0.00871608063146406	0.518386904474997	0.990401125785146	1.91908318013695	0.998623208425498	0.0277763889269397	DRC4pHillFitModel	0.681023779052964	0.318976220947036	0.374119627490973	Inf	0.567533333333333	0.00978620364584523	0.577401091368139	0.99073533488267	1.97394402806227	0.998085366956572	0.027947507727168	DRC4pHillFitModel	1	9	G00008	drug_008	72	moa_A	CL00011	cellline_BA	tissue_x	26
0.699163923990086	0.300836076009914	0.357820012002586	Inf	0.5719	0.0103892494275058	0.598341568049485	0.991284522006783	3.90713117634033	0.994295771039742	0.0223286643109143	DRC4pHillFitModel	0.712627003096797	0.287372996903203	0.342027042975667	Inf	0.584466666666667	0.0106601691073207	0.614980545079258	0.991488278044277	4.70385240471587	0.992754719419611	0.0228113114061454	DRC4pHillFitModel	1	9	G00008	drug_008	72	moa_A	CL00012	cellline_CA	tissue_x	30
0.928971094961163	0.0710289050388371	0.082645586025013	Inf	0.887133333333333	0.0323937129729732	0.887476712607792	0.99701059429231	5	0.948389678489376	0.0264259960968922	DRC4pHillFitModel	0.930712156307022	0.0692878436929782	0.080610336830611	Inf	0.889833333333333	0.0325362416440702	0.890158080628419	0.997076608885896	5	0.948827064215045	0.0261326475086181	DRC4pHillFitModel	1	9	G00008	drug_008	72	moa_A	CL00013	cellline_DA	tissue_x	34
0.948837350387682	0.0511626496123175	0.0653147554152694	Inf	0.906066666666667	0.00871922588466304	0.907885666387833	1.06686979484695	0.813088625986146	0.921567515773778	0.0258262233636282	DRC4pHillFitModel	0.944604822118508	0.0553951778814917	0.07048832656681	Inf	0.8985	0.00942769480719718	0.900425131015873	1.06773970775211	0.825598750245234	0.920544935535453	0.0278398048777091	DRC4pHillFitModel	1	9	G00008	drug_008	72	moa_A	CL00014	cellline_EA	tissue_x	38
0.668382386301071	0.331617613698929	0.3919656811729	Inf	0.558433333333333	0.00958095862016455	0.563867971658249	0.985424952580874	2.8597430643989	0.99910146364731	0.0303364605941742	DRC4pHillFitModel	0.570533008576388	0.429466991423612	0.507903638539731	0.0198839779488857	0.423533333333333	0.00997593310879559	0.431380201980561	0.982992039654254	2.82921469130359	0.998863763910924	0.0419200703127085	DRC4pHillFitModel	1	9	G00008	drug_008	72	moa_A	CL00015	cellline_FA	tissue_x	42
0.263999675428823	0.736000324571177	0.868821041137279	0.00881263253808033	0.0285666666666667	0.00857729248648352	0.0391817032140624	0.990766535276782	2.32617600189074	0.999411373995738	0.0293458046753531	DRC4pHillFitModel	-0.262414814814815	1.26241481481481	1.26241481481481	-Inf	-0.799833333333333	0	-0.262414814814815	-0.262414814814815	0.0001	-0.0000215548908302221	0.083624346704775	DRCConstantFitResult	1	9	G00008	drug_008	72	moa_A	CL00016	cellline_GB	tissue_y	46
0.179954073601782	0.820045926398218	0.932704113596464	0.0039897652923233	0.0265666666666667	0.00378988293358868	0.0290421097280268	1.0175040690268	1.83372957483226	0.999450588167214	0.0209627062600118	DRC4pHillFitModel	-0.445625925925926	1.44562592592593	1.44562592592593	-Inf	-0.842966666666667	0	-0.445625925925926	-0.445625925925926	0.0001	-0.00000272419489322218	0.0613339059594435	DRCConstantFitResult	1	9	G00008	drug_008	72	moa_A	CL00017	cellline_HB	tissue_y	50
0.240633863023305	0.759366136976695	0.870702674535436	0.00474224084355403	0.0968333333333333	0.00433823167811816	0.0927177620976458	0.989567624324927	2.06660023102427	0.998961614403215	0.0370076391945188	DRC4pHillFitModel	-0.385642637438786	1.38564263743879	1.6043982593698	0.00318771407636111	-0.6569	0.00388822579865578	-0.61743334768037	0.91812039691357	4.94853131275214	0.969127148503685	0.0868966023408036	DRC4pHillFitModel	1	9	G00008	drug_008	72	moa_A	CL00018	cellline_IB	tissue_y	54
0.888773806549261	0.111226193450739	0.124985797904814	Inf	0.7248	0.16421353296381	0.729810119306273	1.01710185790148	2.53059627620135	0.996382860184569	0.0293979567005734	DRC4pHillFitModel	0.815529699120424	0.184470300879576	0.20703639249798	Inf	0.5429	0.166344539761897	0.55162929581662	1.02737925149386	2.53273440821862	0.996333439014605	0.0487563926403103	DRC4pHillFitModel	1	9	G00008	drug_008	72	moa_A	CL00019	cellline_JB	tissue_z	58
0.586370988761843	0.413629011238157	0.482241025123606	0.0515345753902195	0.322266666666667	0.0337730789908781	0.333961408092394	0.992454605390088	2.572670341329	0.99908453255669	0.031651888325649	DRC4pHillFitModel	0.244747599512419	0.755252400487581	0.880113589731148	0.0297693785590803	-0.2462	0.0347632406111209	-0.222956129304459	0.98739330344884	2.54240759600214	0.998912898210251	0.0602172917481703	DRC4pHillFitModel	1	9	G00008	drug_008	72	moa_A	CL00020	cellline_KB	tissue_z	62
0.575152709999835	0.424847290000165	0.489578322601924	0.0313459974254531	0.4566	0.00631291337130856	0.470306815955546	0.980991595840427	1.73787884738569	0.993691110970536	0.0179857873509132	DRC4pHillFitModel	0.624357535498891	0.375642464501109	0.435076379890258	Inf	0.506766666666667	0.00726764064242348	0.522702644581856	0.984919145946781	1.74387507547649	0.990229353361071	0.0192847016259967	DRC4pHillFitModel	1	9	G00009	drug_009	72	moa_A	CL00011	cellline_BA	tissue_x	26
0.959067835420948	0.040932164579052	0.049975051553686	Inf	0.9464	0.0118029451874094	0.941843880253607	1.00556674857795	5	0.788026476902022	0.023750398575934	DRC4pHillFitModel	0.966759259259259	0.0332407407407407	0.0332407407407407	Inf	0.9544	0	0.966759259259259	0.966759259259259	0.0001	0.373143152994145	0.0203139507131822	DRCConstantFitResult	1	9	G00009	drug_009	72	moa_A	CL00012	cellline_CA	tissue_x	30
0.565531621615826	0.434468378384174	0.504232094767715	0.0296981368337176	0.443866666666667	0.00718248668608772	0.439054289455598	1.01322309137828	1.50110548677627	0.997341902967423	0.032233176047472	DRC4pHillFitModel	0.509814829534543	0.490185170465457	0.570377305032445	0.0194959217639774	0.362166666666667	0.00829088653429941	0.354917311560308	1.01336653730543	1.47791194403972	0.995981284096129	0.0412245838049201	DRC4pHillFitModel	1	9	G00009	drug_009	72	moa_A	CL00013	cellline_DA	tissue_x	34
0.921235592466201	0.0787644075337993	0.0896032242900329	Inf	0.8168	0.0900968846251899	0.844900790642691	1.00107189152949	5	0.968379154037328	0.0323367032735991	DRC4pHillFitModel	0.913200869478497	0.0867991305215031	0.0987415802798921	Inf	0.7974	0.0897353281309532	0.82934184399093	1.00105838645533	4.31771260651783	0.96691759853048	0.0351919926744294	DRC4pHillFitModel	1	9	G00009	drug_009	72	moa_A	CL00014	cellline_EA	tissue_x	38
0.812790545117108	0.187209454882892	0.218075037161308	Inf	0.701366666666667	0.0303348392248879	0.702870420561093	0.998363453738884	1.63929253445557	0.997028510471638	0.0202139038971915	DRC4pHillFitModel	0.767430757360012	0.232569242639988	0.270704035347436	Inf	0.625966666666667	0.0317514372002033	0.628152453849847	0.997718134259734	1.64966373929021	0.996603258361353	0.0260109241949928	DRC4pHillFitModel	1	9	G00009	drug_009	72	moa_A	CL00015	cellline_FA	tissue_x	42
0.237947285162918	0.762052714837082	0.891652225072908	0.00727873759243364	0.022	0.00714263641812312	0.0296553728958564	0.988867384393103	2.04633574979838	0.999316320132467	0.026242240695905	DRC4pHillFitModel	-0.362976826656012	1.36297682665601	1.60089930439249	0.00558200569598678	-0.8327	0.0092578610297009	-0.799299014192158	0.982869620272422	1.95648315586236	0.996993764543823	0.0837747192429235	DRC4pHillFitModel	1	9	G00009	drug_009	72	moa_A	CL00016	cellline_GB	tissue_y	46
0.547891839553082	0.452108160446918	0.53115638614695	0.0439944479766117	0.2586	0.0337367057122837	0.257755592736005	1.01490551615376	2.84030718833625	0.99915547738499	0.0340652651013932	DRC4pHillFitModel	0.263938392894849	0.736061607105151	0.862492515575505	0.03222982253771	-0.2195	0.035989756648028	-0.218898022918847	1.01868685967671	2.95824493801068	0.99917799506804	0.061999088620717	DRC4pHillFitModel	1	9	G00009	drug_009	72	moa_A	CL00017	cellline_HB	tissue_y	50
0.285800578863742	0.714199421136258	0.842709292087276	0.0106079936597662	0.0265	0.00984244398104512	0.0354009104612252	1.02994129698497	1.75680550741908	0.999716219738609	0.029825808472116	DRC4pHillFitModel	-0.328506829940133	1.32850682994013	1.56624986944184	0.00696194233589721	-0.873333333333333	0.0119170832159442	-0.844029688117025	1.04927830929482	1.66474109586069	0.999119749450399	0.0823735594645754	DRC4pHillFitModel	1	9	G00009	drug_009	72	moa_A	CL00018	cellline_IB	tissue_y	54
0.79233307527848	0.20766692472152	0.232012629713049	Inf	0.535333333333333	0.151568633734437	0.531055841543961	1.01072646216373	2.18521013593171	0.998644308204018	0.0275844758420982	DRC4pHillFitModel	0.648022183215148	0.351977816784852	0.392562111297951	0.200351229192507	0.208566666666667	0.155956219915179	0.201047768010288	1.01703892677904	2.18699281052481	0.998471905520432	0.0468604049698341	DRC4pHillFitModel	1	9	G00009	drug_009	72	moa_A	CL00019	cellline_JB	tissue_z	58
0.571558297941095	0.428441702058905	0.49690721773268	0.0603509649015025	0.274366666666667	0.0426945582785171	0.279582357620161	0.994308536392051	2.33349614918412	0.999935685284735	0.033238189083977	DRC4pHillFitModel	0.212662093117113	0.787337906882887	0.912422813317751	0.0352093417925114	-0.343866666666667	0.0442809700162849	-0.333279820639663	0.990420011127131	2.31241951211253	0.999925871103039	0.064519656957318	DRC4pHillFitModel	1	9	G00009	drug_009	72	moa_A	CL00020	cellline_KB	tissue_z	62
0.585274241884759	0.414725758115241	0.488070046948604	0.0345160107004028	0.4184	0.0126966253028177	0.427023453005813	0.995177897082165	1.91461228310063	0.998349246367547	0.0276840321510732	DRC4pHillFitModel	0.624791322721261	0.375208677278739	0.441463109100013	0.0652947134832357	0.459633333333333	0.014687395462016	0.469947155668693	0.996390839617411	1.87972790485496	0.997729115232108	0.0288203267284842	DRC4pHillFitModel	1	9	G00010	drug_010	72	moa_A	CL00011	cellline_BA	tissue_x	26
0.984814814814815	0.0151851851851852	0.0151851851851852	Inf	0.957666666666667	0	0.984814814814815	0.984814814814815	0.0001	0.052034189410141	0.0180618910693723	DRCConstantFitResult	0.987125925925926	0.012874074074074	0.012874074074074	Inf	0.964233333333333	0	0.987125925925926	0.987125925925926	0.0001	0.047005222861773	0.0151986888412972	DRCConstantFitResult	1	9	G00010	drug_010	72	moa_A	CL00012	cellline_CA	tissue_x	30
0.76464486334005	0.23535513665995	0.278874984713991	Inf	0.671166666666667	0.0118290531171971	0.672447001010227	1.01240274695515	1.78313466878057	0.997311828886878	0.0250449778499242	DRC4pHillFitModel	0.756143849915224	0.243856150084776	0.288795910051116	Inf	0.6567	0.0125752529292457	0.657947276115502	1.01152926062736	1.77929686180284	0.996645603729505	0.0274429774758114	DRC4pHillFitModel	1	9	G00010	drug_010	72	moa_A	CL00013	cellline_DA	tissue_x	34
0.700221304132007	0.299778695867993	0.349956244706806	Inf	0.5465	0.0261422014464057	0.542096882745142	0.986529948918323	2.49110386809891	0.998953301173274	0.0279037547403564	DRC4pHillFitModel	0.642203784470244	0.357796215529756	0.417228290400109	0.0656676711599396	0.452866666666667	0.0278888603556871	0.447730311604009	0.983858636523375	2.59858675300329	0.998786501299343	0.0360170521799256	DRC4pHillFitModel	1	9	G00010	drug_010	72	moa_A	CL00014	cellline_EA	tissue_x	38
0.557423005353805	0.442576994646195	0.519700949402396	0.0193962725479956	0.415433333333333	0.0089612041580155	0.424675909990696	0.975724792725649	2.3868118144135	0.998313826419529	0.0392164296051582	DRC4pHillFitModel	0.401399229921396	0.598600770078604	0.704187992983059	0.0117999712123281	0.1976	0.00967396965038195	0.213455417484539	0.968085507836419	2.47035597450667	0.997722209709261	0.0587549362603755	DRC4pHillFitModel	1	9	G00010	drug_010	72	moa_A	CL00015	cellline_FA	tissue_x	42
0.556131790514733	0.443868209485267	0.512346521087841	0.0548574316955176	0.246233333333333	0.0449268489821848	0.255556661271111	0.981606886973066	3.3957816355193	0.997967755717123	0.0180992483347438	DRC4pHillFitModel	0.316554911682575	0.683445088317425	0.788145754346063	0.043641356491033	-0.1834	0.0482313090535663	-0.164445389044789	0.976403408504567	3.32677281414994	0.997837643970691	0.031935286509471	DRC4pHillFitModel	1	9	G00010	drug_010	72	moa_A	CL00016	cellline_GB	tissue_y	46
0.322575872120226	0.677424127879774	0.803052233563156	0.0105914711289886	0.0811333333333333	0.00946860797562073	0.0953656761321343	1.01541227738437	2.1592708903477	0.99913420749937	0.0270002396990361	DRC4pHillFitModel	-0.14227037037037	1.14227037037037	1.14227037037037	-Inf	-0.650933333333333	0	-0.14227037037037	-0.14227037037037	0.0001	-0.00000925412135321935	0.0639089549981163	DRCConstantFitResult	1	9	G00010	drug_010	72	moa_A	CL00017	cellline_HB	tissue_y	50
0.636092022370465	0.363907977629535	0.421808484042745	0.0858854480641529	0.322233333333333	0.0529279721227641	0.353228714210407	1.00860170147038	2.56731004633229	0.996826854351229	0.0231663240453716	DRC4pHillFitModel	0.395199222224615	0.604800777775385	0.69980347822509	0.0528480167159619	-0.144666666666667	0.0556242647790612	-0.0842976737546498	1.013079988474	2.53868150309621	0.996112818450242	0.0398617150076802	DRC4pHillFitModel	1	9	G00010	drug_010	72	moa_A	CL00018	cellline_IB	tissue_y	54
0.753757392507291	0.246242607492709	0.274922322035383	0.522420156196517	0.439133333333333	0.146869937917103	0.454356358867413	1.00746415790394	1.89811239600016	0.9985633410049	0.0211061035860891	DRC4pHillFitModel	0.57906514446699	0.42093485553301	0.468985547564225	0.165698862074005	0.0306333333333334	0.153072637201756	0.0585635313314131	1.01229913380461	1.87831866264345	0.998517630425688	0.0365570129073965	DRC4pHillFitModel	1	9	G00010	drug_010	72	moa_A	CL00019	cellline_JB	tissue_z	58
0.625005988842714	0.374994011157286	0.43313998172066	0.095105154040695	0.3211	0.0603589434614528	0.314748121603892	1.01081141344105	2.23079390447708	0.999323928650537	0.0335758968775212	DRC4pHillFitModel	0.314038411034196	0.685961588965804	0.791176724356838	0.0526732544856499	-0.248033333333333	0.0625980191017514	-0.261178712268916	1.01808370141181	2.22870119634037	0.999195163387128	0.0629700681166888	DRC4pHillFitModel	1	9	G00010	drug_010	72	moa_A	CL00020	cellline_KB	tissue_z	62
